상품명,카테고리
청우가 오리지널 식혜 1L,음료
온담_선물용 NEW,라면류
[무료배송] 청우가 대용량 시리얼,시리얼/영양바
 [오늘출발] 그린테이블 오렌지 주스 22페트 ,음료
그린테이블 디카페인 라떼 360g (수입산),커피/차
[1+1] 그린테이블 오리지널 초코바,과자/스낵
청우가_신상품 새우튀김 990g,냉동식품
마루한 치즈 치즈스틱 기획,과자/스낵
온담  정통  웨하스,과자/스낵
한결식품  바삭  22개입,과자/스낵
[오늘출발] 그린테이블 초코 그래놀라 380g 실온보관,시리얼/영양바
[무료배송] 하루담은 선물용 칼국수 4개입,라면류
산들바람 정통 옥수수캔 4개입,통조림
 델리코 인기 골뱅이 x2 (대용량) ,통조림
산들바람 왕뚜껑 짜장면 4개입 x2,라면류
청우가 디카페인 라떼 23입,커피/차
마루한 신상품 170g,과자/스낵
본가정성  프리미엄  참치캔,통조림
델리코  사골  라면,즉석밥/간편식
오늘의밥상 정통 크래커 150g (대용량),과자/스낵
온담_프리미엄 오트밀 12개입,시리얼/영양바
예담원 정통 홍차,커피/차
하루담은_오리지널 5개입 실온보관,라면류
[1+1] 미소원 신상품 칼국수 6컵,라면류
포미  선물용  4개입  NEW,라면류
포미 가공 우유 450g,유제품
마루한_국내산 아메리카노 960g,유제품
[오늘출발] 그린테이블 인기 누룽지,과자/스낵
오늘의밥상  국내산  쌀국수  4컵,라면류
[행사] 한결식품 불고기 5컵 NEW,라면류
 한결식품 오리지널 참기름 1490ml ,소스/조미료
미소원 프리미엄 쌀국수 110g,라면류
달래마을  왕  핫도그  620g,냉동식품
산들바람 저칼로리 에이드 23페트,음료
청우가_치즈 감자칩 360g,과자/스낵
청우가 달콤한 치즈스틱 16개입,과자/스낵
포미 가정용 웨하스,과자/스낵
산들바람 리뉴얼 칼국수 5개입 실온보관,라면류
온담 실속 홍차 140g,커피/차
달래마을 정통 우유 460ml,유제품
델리코 김치 17개입 NEW,냉동식품
산들바람 실속 컵라면 140g X3 (수입산),라면류
마루한 국내산 칼국수 4컵,라면류
오늘의밥상 선물용 복숭아통조림 2+1,통조림
미소원  리뉴얼  마요네즈  2포  기획,소스/조미료
마루한 정통 단백질바 2박스 (대용량),시리얼/영양바
 [무료배송] 하루담은 신상품 라면 3컵 ,라면류
 하루담은  가정용  탄산음료 ,음료
달래마을_살코기 옥수수캔,통조림
그린테이블_오렌지 이온음료 1410ml,음료
달래마을  가정용  꽁치통조림,통조림
오늘의밥상 선물용 220ml,커피/차
예담원 소고기 죽 500g,즉석밥/간편식
청우가  선물용  우동,라면류
그린테이블 정통,유제품
온담  제로  주스,음료
한결식품 재래식 860ml,소스/조미료
포미 선물용 쌀국수 120g 증량,라면류
마루한_프리미엄 스낵,과자/스낵
한결식품 볶은 라떼 30입,커피/차
미소원 달콤한 아메리카노 470ml,통조림
 산들바람 살코기 번데기 340g ,통조림
달래마을 불고기 쌀국수 5개입 증량,라면류
 그린테이블 수제 치즈스틱 3봉 X3 ,냉동식품
마루한 볶은 믹스커피 230ml,커피/차
본가정성 우유 그래놀라 810g X3,시리얼/영양바
델리코 저지방 생크림 710ml,유제품
한결식품_국내산 팝콘 12봉,과자/스낵
예담원  블랙  녹차  20입,커피/차
미소원_대용량 복숭아통조림 3개입,통조림
하루담은_실속 우유 250ml,유제품
미소원 딸기 누룽지,과자/스낵
포미_플레인 버터 8개입,유제품
 그린테이블 새우 새우튀김 660g ,냉동식품
온담 슬라이스 요거트,유제품
[1+1] 본가정성 불고기 쌀국수 5개입,라면류
본가정성 고추 스팸 11캔,통조림
마루한  고추  옥수수캔,통조림
청우가 왕뚜껑 라면 기획,라면류
 예담원 고소한 카레분말 ,소스/조미료
달래마을_선물용 라볶이 120g,라면류
그린테이블 프리미엄 짜장면,라면류
산들바람 신상품 쌀국수,라면류
그린테이블 콜드브루 라떼 400g x2,커피/차
예담원_국내산 라볶이 4개입,라면류
그린테이블 전복 떡볶이,즉석밥/간편식
델리코 가정용 버터 700ml,유제품
델리코 실속 팝콘 10봉 기획,과자/스낵
온담  실속  골뱅이  6캔  2+1,통조림
산들바람 오리지널 카레 840g,소스/조미료
[행사] 포미 오리지널 치즈스틱 1봉,냉동식품
달래마을 살코기 기획,통조림
본가정성 실속 옥수수캔 (대용량),통조림
하루담은 달콤한 초코바,과자/스낵
 [무료배송] 달래마을 고추 복숭아통조림 12캔 ,통조림
본가정성_인기 원두 870g,커피/차
마루한  선물용  곡물음료  1박스  x2,시리얼/영양바
[행사] 포미 선물용 컵라면 5개입,라면류
청우가 포도 950ml,음료
마루한 가정용 주스 2L,음료
달래마을 프리미엄 초코바 240g,과자/스낵
예담원 실속 비빔면 3컵,라면류
하루담은 매운 비빔면 4개입,통조림
오늘의밥상 소고기 컵밥 450g,즉석밥/간편식
한결식품 선물용 보리차 31입,커피/차
달래마을 오리지널 떡볶이 13개입,냉동식품
포미  콜드브루  아메리카노  320g,커피/차
 하루담은 허니버터 크래커 ,과자/스낵
예담원 국내산 우유 (소포장),유제품
[오늘출발] 마루한 신상품 버터,유제품
그린테이블 실속 소금 1650ml (소포장),소스/조미료
포미  달콤한  라떼,커피/차
달래마을 먹태 초코바 7개입 실온보관,과자/스낵
미소원 고소한 참기름 550g,통조림
온담 레몬 생수 300ml,음료
마루한 국내산 비빔면,라면류
포미 가공 라떼,유제품
포미  국내산  고추장  4포,소스/조미료
미소원 허니버터 크래커 24개입,과자/스낵
산들바람 국내산 피자 4봉,냉동식품
달래마을_볶은 보리차 460ml,커피/차
그린테이블 그릭 라떼 430g,유제품
포미 가정용 식혜 23페트,음료
한결식품 견과 단백질바,시리얼/영양바
 예담원 치즈 130g 2+1 ,라면류
달래마을  실속  요거트  360g  X3,유제품
델리코 딸기 요구르트 12개입,유제품
본가정성 대용량 떡볶이 11개입,냉동식품
한결식품_매콤 떡볶이,즉석밥/간편식
산들바람 슬라이스 라떼 실온보관,유제품
 달래마을_수제 떡볶이 ,즉석밥/간편식
미소원 오리지널 골뱅이 130g (수입산),통조림
예담원 무설탕 요거트 850ml NEW,유제품
예담원 김치 우동,라면류
델리코 딸기 생크림 15개입,유제품
 청우가 오리지널 참기름 5포 ,소스/조미료
하루담은 슬라이스 치즈,유제품
오늘의밥상 오리지널 컵라면 120g,라면류
 오늘의밥상 국내산 참기름 ,소스/조미료
[1+1] 하루담은 선물용 쿠키 기획,과자/스낵
온담  가정용  라볶이  5개입  증량,라면류
달래마을 수제 홍차 820g 실온보관,커피/차
그린테이블  현미  컵밥  3개입,즉석밥/간편식
[행사] 마루한 스틱 아메리카노 430ml,커피/차
오늘의밥상 먹태 감자칩 180g (수입산),과자/스낵
 산들바람 신상품 새우튀김 1170g X3 (대용량) ,냉동식품
[무료배송] 하루담은 치즈 21개입,과자/스낵
산들바람 김치 군만두 6개입,냉동식품
포미 실속 죽 1인분,즉석밥/간편식
포미_레몬 식혜 2L,음료
예담원 딸기 기획 (국내산),시리얼/영양바
포미 오리지널,음료
오늘의밥상  인기  5포,소스/조미료
예담원 짜장 라볶이,라면류
본가정성 왕 군만두 3봉,냉동식품
달래마을_치즈 초코바 5봉,과자/스낵
예담원  볶은  홍차  31입,커피/차
[1+1] 마루한 불고기 식초 기획,소스/조미료
온담 국내산 생수,음료
[무료배송] 예담원 신상품 생수 1L,음료
본가정성 대용량 케첩,소스/조미료
온담  대용량  라떼,커피/차
청우가_치즈 치즈스틱 2봉,과자/스낵
 청우가_국내산 24페트 ,음료
마루한 왕 군만두 1봉,냉동식품
[1+1] 오늘의밥상 대용량 간장,냉동식품
[오늘출발] 한결식품 달콤한 초코바,과자/스낵
온담 허니버터 팝콘 16개입,과자/스낵
 예담원 리뉴얼 골뱅이 6캔 ,통조림
미소원 스틱 120g X3,커피/차
온담 선물용 라떼 400ml,커피/차
한결식품 대용량 요거트 370g,유제품
오늘의밥상 소고기 국밥 470g,즉석밥/간편식
포미  국내산  믹스커피,커피/차
달래마을 재래식 참기름,소스/조미료
 미소원 신상품 새우튀김 1봉 (수입산) ,냉동식품
마루한  불고기  1240g  기획,소스/조미료
그린테이블  선물용  카레  7포  x2,소스/조미료
 그린테이블 저칼로리 이온음료 1010ml ,음료
온담  먹태  누룽지  5봉  증량,과자/스낵
한결식품 오리지널 생크림 7개입 기획 (대용량),유제품
한결식품 허니버터 쿠키 (국내산),과자/스낵
마루한 정통 컵라면 3컵,라면류
달래마을 국내산 치즈스틱 13개입 2+1,라면류
청우가 가정용 10개입,유제품
마루한 가공 연유 460g 실온보관,유제품
미소원  신상품  라면  1컵,라면류
산들바람 국내산 비빔면,라면류
[행사] 오늘의밥상 선물용 크래커,과자/스낵
포미 가정용 참기름 990ml,소스/조미료
 청우가_불고기 식초 740g ,소스/조미료
예담원 복숭아 주스 2L,음료
 포미 오리지널 라볶이 ,라면류
청우가 선물용 쿠키 5봉 x2,과자/스낵
 달래마을 인기 만두 4봉 ,냉동식품
마루한 선물용 녹차 300ml (대용량),커피/차
델리코  달콤한  녹차  기획,커피/차
 델리코_새우 돈까스 ,냉동식품
오늘의밥상  국내산  13페트  2+1,음료
[1+1] 미소원 선물용 크래커 11봉 증량,과자/스낵
예담원_정통 믹스커피 300ml,커피/차
미소원 매운 골뱅이 3캔 실온보관,통조림
[무료배송] 청우가 실속 볶음밥 20개입,냉동식품
미소원 고기 새우튀김,냉동식품
예담원 국산 스팸,통조림
[무료배송] 하루담은 프리미엄,커피/차
예담원 딸기 단백질바 690g 증량,시리얼/영양바
 온담  새우  치킨너겟  850g ,냉동식품
 온담  짜장  우동  98g ,라면류
청우가_매운 간장 440g,소스/조미료
[행사] 그린테이블 무가당 탄산음료,음료
본가정성 무가당 생수 1780ml x2 (대용량),음료
[오늘출발] 미소원 고추 번데기 5캔 x2,통조림
산들바람  매운  우동  5개입,커피/차
미소원_오리지널 치즈스틱 2봉,냉동식품
[1+1] 미소원 국내산 이온음료 1L x2,음료
한결식품 오리지널 짜장밥 3인분,즉석밥/간편식
 그린테이블 리뉴얼 소금 ,소스/조미료
오늘의밥상 저칼로리 생수 2L,음료
그린테이블 정통 12봉,과자/스낵
한결식품  불고기  칼국수  5개입,라면류
 오늘의밥상 치즈 칼국수 3컵 ,라면류
포미 3분 레토르트 3개입,즉석밥/간편식
[행사] 오늘의밥상 선물용 녹차 480ml,커피/차
그린테이블  무설탕  버터  140g,유제품
 산들바람 선물용 라떼 ,소스/조미료
[오늘출발] 델리코 프리미엄 라떼,커피/차
마루한 수제 라볶이 94g 기획,라면류
 청우가_불고기 식초 740g ,소스/조미료
청우가 수제 칼국수 5개입,라면류
 [행사] 델리코 수제 웨하스 320g 증량 ,과자/스낵
[행사] 청우가 허니버터 크래커 10봉,과자/스낵
본가정성  대용량  라면  4개입,라면류
온담  블랙  카페라떼,커피/차
오늘의밥상_저염 마요네즈 1040g NEW,소스/조미료
미소원 무가당 곡물음료,음료
 예담원 전복 국밥 260g ,즉석밥/간편식
청우가  얼큰  비빔면  110g,라면류
산들바람 오리지널 파이 4봉,과자/스낵
 예담원  3분  국밥  4인분  2+1 ,즉석밥/간편식
마루한 오리지널 카레,소스/조미료
미소원  정통  라떼  320g  실온보관,유제품
하루담은 아몬드 곡물음료,시리얼/영양바
[1+1] 그린테이블 신상품 카레 1210g x2,소스/조미료
한결식품 제로 2L (수입산),음료
그린테이블 신상품 치즈 400ml,유제품
미소원  그릭  우유  10개입  x2,유제품
온담 선물용 옥수수캔 4캔,통조림
 그린테이블_볶은 아메리카노 460ml X3 ,커피/차
달래마을 무가당 탄산수,음료
하루담은  대용량  카레  770ml  x2,소스/조미료
오늘의밥상_딸기 감자칩 3봉,과자/스낵
포미 오리지널 라떼,유제품
[행사] 델리코 리뉴얼 쌀국수 4개입 증량,라면류
달래마을 레몬 곡물음료 1120ml,음료
 예담원 리뉴얼 라면 ,라면류
 한결식품 오리지널 연유 12개입 ,유제품
그린테이블_리뉴얼 젤리,과자/스낵
달래마을 바삭 파이,과자/스낵
[1+1] 마루한 수제 티백 51입,커피/차
본가정성 가정용 4개입,라면류
[무료배송] 마루한 짜장 비빔면 증량,라면류
포미  수제  스낵  290g  NEW,과자/스낵
[오늘출발] 그린테이블 치즈 11봉,과자/스낵
청우가 선물용 된장 10포,소스/조미료
 예담원 먹태 누룽지 19개입 (대용량) ,과자/스낵
한결식품 왕뚜껑 컵라면 3컵 (국내산),라면류
마루한 대용량 연유 6개입 (국내산),유제품
달래마을 신상품 440g X3,냉동식품
그린테이블 딸기 치즈 970ml X3,유제품
[1+1] 그린테이블 신상품 라볶이 140g,라면류
하루담은 포도 곡물음료,음료
오늘의밥상  짜장  비빔면  2컵,라면류
본가정성 불고기 비빔면 증량,라면류
마루한_실속 덮밥 3개입,즉석밥/간편식
[1+1] 하루담은 리뉴얼 라볶이 96g,라면류
 델리코 국산 꽁치통조림 NEW ,통조림
달래마을 해물 라볶이,라면류
달래마을 수제 컵라면 1컵,라면류
그린테이블 프리미엄 요구르트 (대용량),유제품
청우가_오리지널 5봉,과자/스낵
하루담은  오리지널  골뱅이  10캔,통조림
그린테이블 우유 오트밀 1박스,냉동식품
산들바람 사골 라볶이 1컵 NEW,라면류
오늘의밥상_오리지널 된장 5포,소스/조미료
 포미 인기 식혜 1L ,라면류
마루한 수제 칼국수,라면류
포미 신상품 요거트 450g,유제품
오늘의밥상 사골 비빔면 5컵,라면류
 산들바람  국내산  라볶이  130g ,라면류
달래마을_고추 참치캔 7개입,통조림
그린테이블 가정용 비빔면 5개입,라면류
[1+1] 청우가 대용량 라면 증량,라면류
한결식품 오리지널 고추장 560g 실온보관,소스/조미료
 달래마을 인기 라떼 11개입 실온보관 (소포장) ,유제품
[오늘출발] 청우가 선물용 곡물음료 1960ml,음료
[오늘출발] 한결식품 디카페인 믹스커피 88입,커피/차
하루담은 현미 즉석밥 3개입,즉석밥/간편식
미소원 치즈 군만두 5개입,냉동식품
포미 저지방 라떼 12개입,유제품
오늘의밥상 오렌지 탄산수 실온보관,음료
 오늘의밥상_왕뚜껑 짜장면 4개입 ,라면류
예담원 국내산 덮밥,즉석밥/간편식
청우가 저칼로리 이온음료 1L,음료
산들바람  프리미엄  꽁치통조림,통조림
 하루담은 오리지널 젤리 15개입 ,과자/스낵
[오늘출발] 한결식품 오렌지 주스 23페트,음료
청우가 선물용 우유,유제품
[행사] 포미 리뉴얼 라떼 11개입 증량,유제품
델리코 실속 라볶이 2컵 실온보관,냉동식품
[행사] 포미 레몬 탄산수 1620ml,음료
그린테이블 정통 핫도그 800g,냉동식품
미소원 오리지널 카페라떼 870g (소포장),커피/차
[오늘출발] 포미 재래식 간장 1430g,소스/조미료
온담 수제 라떼 300g 실온보관 (소포장),유제품
오늘의밥상 리뉴얼 짜장면 4개입 기획,라면류
그린테이블  정통  시리얼,시리얼/영양바
한결식품_실속 웨하스 8봉,과자/스낵
마루한  실속  식초  1430ml,소스/조미료
 예담원 오리지널 떡볶이 400g 실온보관 (소포장) ,즉석밥/간편식
오늘의밥상 대용량 컵라면 4개입,라면류
오늘의밥상  정통  우동  4컵,라면류
[행사] 그린테이블 리뉴얼 22개입,과자/스낵
그린테이블 불고기 만두,냉동식품
하루담은 가정용 칼국수 120g,라면류
[행사] 하루담은 국내산 카레 9포,소스/조미료
[오늘출발] 청우가 가정용 비빔면,라면류
미소원 선물용 생수 1L NEW,음료
[1+1] 달래마을 그릭 버터 260g,유제품
미소원 왕뚜껑 쌀국수 120g,라면류
 [1+1] 하루담은 국내산 쌀국수 x2 ,라면류
미소원  오리지널  복숭아통조림  6개입,통조림
온담_된장 쌀국수 실온보관,라면류
예담원 불고기,냉동식품
청우가_오리지널 치즈스틱,과자/스낵
오늘의밥상 저칼로리 곡물음료 1390ml,음료
하루담은_국내산 떡볶이,냉동식품
오늘의밥상  소고기  짜장밥  2인분  기획,즉석밥/간편식
 [행사] 온담 짜장 칼국수 ,라면류
예담원  프리미엄  라볶이  110g,라면류
마루한 대용량 짜장면 6컵 2+1,라면류
산들바람  오리지널  5개입,라면류
 [행사] 산들바람 오리지널 쿠키 4봉 ,과자/스낵
청우가 정통 스낵 210g 증량,과자/스낵
예담원 신상품 라면 3컵,라면류
예담원_대용량 떡볶이 1봉,냉동식품
달래마을_간편 누룽지 5개입,즉석밥/간편식
산들바람_저지방 라떼,유제품
미소원 오리지널 스낵 19개입,과자/스낵
청우가  수제  크래커  62g,과자/스낵
[1+1] 하루담은 수제 곡물음료 1930ml,음료
한결식품 딸기 치즈스틱 8개입 2+1,과자/스낵
산들바람 가정용 곡물음료 증량,음료
[오늘출발] 온담 신상품 크래커 2봉,과자/스낵
산들바람 저지방 라떼 990ml NEW,유제품
달래마을_오렌지 이온음료 1400ml,음료
포미 그릭 우유,유제품
포미 우유 620g 증량,커피/차
한결식품 제로 탄산수 5페트,음료
[무료배송] 달래마을 김치 핫도그 12개입,냉동식품
오늘의밥상 딸기 파이 19개입 (국내산),과자/스낵
온담 인기 웨하스 210g NEW,과자/스낵
[행사] 마루한 인기 감자칩 2+1,과자/스낵
 그린테이블  포도  1L ,음료
한결식품 리뉴얼 우동 6컵,라면류
미소원 현미 짜장밥 300g,즉석밥/간편식
마루한  프리미엄  핫도그  17개입,냉동식품
그린테이블 얼큰 라면 5개입,라면류
오늘의밥상 정통 연유 410g 증량,유제품
미소원 왕 피자 4봉 X3,냉동식품
하루담은 달콤한 초코바 260g x2,과자/스낵
청우가 새우 피자,냉동식품
 [행사] 본가정성 선물용 컵라면 4개입 기획 ,시리얼/영양바
오늘의밥상 정통 라떼 320g,커피/차
하루담은 딸기 치즈 4개입,유제품
 온담 그릭 요구르트 320g ,유제품
미소원 오리지널 볶음밥 580g,냉동식품
달래마을 먹태 크래커 2+1,과자/스낵
 [1+1] 하루담은 실속 치즈스틱 8봉 기획 ,과자/스낵
달래마을 가공 라떼 8개입,통조림
달래마을  무설탕  라떼  9개입  NEW,유제품
그린테이블 국내산 번데기,통조림
산들바람  달콤한  홍차  880g,커피/차
마루한 인기 보리차 960g 기획,커피/차
 본가정성 수제 라볶이 4개입 ,라면류
하루담은 블랙 티백 31입,커피/차
미소원_대용량 컵라면,라면류
포미 선물용 곡물음료 2박스,시리얼/영양바
한결식품  새우  만두  2+1,냉동식품
[무료배송] 온담 가공 8개입,유제품
 하루담은 된장 2컵 ,라면류
[무료배송] 델리코 복숭아 곡물음료 2L,음료
 한결식품 프리미엄 볶음밥 x2 ,냉동식품
오늘의밥상 가정용 비빔면 4컵,라면류
포미 오리지널 요구르트 420ml 증량,유제품
델리코  정통  3박스,시리얼/영양바
예담원 슬라이스 660ml,유제품
마루한 가정용 스팸 1캔,통조림
그린테이블 리뉴얼 웨하스 3봉,과자/스낵
 마루한 바삭 감자칩 12개입 실온보관 ,과자/스낵
[행사] 미소원 레몬 식혜,즉석밥/간편식
청우가_현미 국밥 480g,즉석밥/간편식
한결식품 실속 라볶이 3컵,라면류
 청우가 가정용 보리차 (소포장) ,커피/차
그린테이블  햇반  짜장밥,즉석밥/간편식
하루담은  고추  골뱅이,통조림
오늘의밥상 견과 곡물음료 1박스,시리얼/영양바
본가정성 간편 즉석밥 260g (소포장),즉석밥/간편식
청우가 먹태 웨하스 220g 기획,과자/스낵
청우가  치즈  웨하스  150g,과자/스낵
[오늘출발] 미소원 정통 원두 570g,커피/차
마루한 리뉴얼 라면,라면류
예담원 오리지널 93입 NEW,커피/차
본가정성  정통  이온음료  1000ml,음료
포미  국내산  젤리,과자/스낵
 포미 레몬 17페트 x2 ,음료
오늘의밥상 딸기 연유,유제품
[무료배송] 미소원 신상품 치즈스틱 20개입,과자/스낵
 산들바람 포도 이온음료 24페트 ,음료
하루담은 프리미엄 스팸 8개입,통조림
 미소원  재래식  1260g  X3 ,소스/조미료
[행사] 청우가 국내산 누룽지,과자/스낵
포미  대용량  우동  5컵,라면류
하루담은_야채 스팸 8캔,통조림
청우가 국내산 쌀국수 5개입,라면류
달래마을 치즈 우동 120g,라면류
본가정성 프리미엄 카레분말 1300g,소스/조미료
[행사] 본가정성 매운 꽁치통조림,통조림
 청우가 딸기 곡물음료 8개입 ,시리얼/영양바
 한결식품 프리미엄 볶음밥 x2 ,냉동식품
예담원 선물용 누룽지 3개입 기획,즉석밥/간편식
그린테이블 슬라이스 생크림 2+1,유제품
온담_리뉴얼 짜장면,라면류
본가정성  얼큰  라볶이  5컵,라면류
예담원 인기 우동 5개입,라면류
산들바람 레몬 식혜 2L (국내산),음료
미소원 국내산 돈까스 3봉,냉동식품
본가정성  허니버터  초코바  140g,과자/스낵
예담원 정통 라면 4개입 NEW,라면류
[행사] 청우가 재래식 카레 x2,소스/조미료
 본가정성 오리지널 식혜 X3 (수입산) ,음료
오늘의밥상  정통  아메리카노  480ml  x2,커피/차
하루담은_선물용 단백질바 2박스,시리얼/영양바
그린테이블 레몬 식혜 2+1,음료
본가정성 오렌지 생수,음료
[1+1] 온담 정통 110g,라면류
오늘의밥상 정통 쿠키 180g (대용량),과자/스낵
[행사] 온담 저염 마요네즈 560ml,소스/조미료
포미 김치 치즈스틱 650g,냉동식품
[오늘출발] 온담 스틱 아메리카노 34입,커피/차
하루담은 프리미엄 탄산음료 2L (국내산),음료
마루한  수제  떡볶이  3봉,냉동식품
청우가 우유 곡물음료 2박스 (국내산),시리얼/영양바
오늘의밥상 3분 죽,즉석밥/간편식
산들바람 왕뚜껑 짜장면 4개입 x2,라면류
 포미_치즈 짜장면 ,라면류
[오늘출발] 산들바람 제로 주스 1L,음료
하루담은_김치 5개입 2+1,라면류
오늘의밥상 정통 치즈스틱 9개입,라면류
그린테이블  정통  요거트  890ml  X3,유제품
온담 수제 보리차 470ml,커피/차
청우가 짜장 라면,라면류
그린테이블 새우 치킨너겟 19개입,냉동식품
[오늘출발] 청우가 왕 만두 750g,냉동식품
온담_대용량 골뱅이 12캔 증량,통조림
온담 새우 19개입 X3,냉동식품
오늘의밥상 국내산 생수,음료
[행사] 온담 매콤 카레,즉석밥/간편식
[오늘출발] 한결식품 국내산 골뱅이,통조림
예담원 수제 라떼 10개입 증량,유제품
산들바람 가정용 팝콘,과자/스낵
본가정성 수제 스팸 11캔,통조림
산들바람  콜드브루  아메리카노  28입,커피/차
하루담은 프리미엄 56입,커피/차
산들바람 복숭아 이온음료 2L,음료
[행사] 한결식품 해물 컵라면 130g,라면류
 그린테이블 인기 생수 980ml NEW ,음료
한결식품_달콤한 실온보관,과자/스낵
산들바람 매운 짜장면 5개입 증량,라면류
그린테이블  저염  소금  2포,소스/조미료
 본가정성 포도 에이드 1L (국내산) ,음료
[1+1] 그린테이블 블랙 아메리카노 420ml,커피/차
청우가 가정용 원두,커피/차
하루담은 복숭아 식혜 860ml,음료
포미 인기 라볶이 6컵 증량,라면류
달래마을_오리지널 젤리 21개입 실온보관,과자/스낵
 예담원 저염 된장 5포 ,소스/조미료
 [무료배송] 그린테이블 저칼로리 에이드 ,음료
포미 대용량 번데기 12캔,통조림
미소원  실속  주스  1L,음료
마루한 해물 칼국수 120g X3,라면류
포미 오렌지 1L,음료
미소원 된장 짜장면 4컵,라면류
산들바람_정통 치즈스틱,냉동식품
달래마을_무설탕 그래놀라 2박스,시리얼/영양바
마루한 선물용 돈까스 760g,냉동식품
오늘의밥상 선물용 꽁치통조림 7캔,통조림
청우가 대용량 칼국수 4개입,라면류
그린테이블 오리지널 레토르트 x2,즉석밥/간편식
오늘의밥상 신상품 팝콘 5봉,과자/스낵
델리코 국내산 탄산수 20페트 (소포장),음료
,라면류
온담 매운 라볶이 4개입,라면류
달래마을 스틱 라떼 430ml NEW,커피/차
그린테이블 프리미엄 쿠키,과자/스낵
[1+1] 그린테이블 가정용 컵라면 5컵,라면류
예담원 선물용 떡볶이 1봉 기획,냉동식품
본가정성 가공 우유 15개입,유제품
온담 딸기 라떼 실온보관,유제품
포미 볶은 믹스커피 390ml,커피/차
 하루담은 프리미엄 우동 93g ,라면류
산들바람  정통  식초  1190ml,소스/조미료
달래마을 선물용 340g,통조림
오늘의밥상 대용량 파이 실온보관,과자/스낵
델리코 얼큰 칼국수,라면류
마루한 가공 요구르트 7개입,유제품
[행사] 산들바람 치즈 돈까스 12개입,냉동식품
예담원 무가당 식혜 실온보관,음료
 달래마을 사골 비빔면 6컵 ,라면류
[오늘출발] 그린테이블 리뉴얼 1150ml,음료
청우가 매운 식초 5포,소스/조미료
하루담은 김치 피자 980g,냉동식품
,라면류
그린테이블 오렌지 이온음료 1340ml,음료
[오늘출발] 델리코 가공 버터 300g,유제품
본가정성 오리지널 카레,소스/조미료
델리코_고기 볶음밥 950g,냉동식품
온담_콜드브루 보리차 280ml,커피/차
본가정성 무설탕 요거트 11개입,유제품
미소원  국내산  컵밥  300g,즉석밥/간편식
오늘의밥상_얼큰 우동 94g,라면류
하루담은 국내산 스팸 3개입 (소포장),통조림
[1+1] 포미 가정용 웨하스 320g 기획,과자/스낵
 하루담은 정통 주스 2페트 ,음료
[행사] 청우가 프리미엄,과자/스낵
[무료배송] 델리코 복숭아 식혜 840ml 증량,음료
달래마을_대용량 230g 증량,즉석밥/간편식
한결식품  인기  생크림  710ml,유제품
마루한 해물 비빔면 2컵,라면류
 델리코 대용량 에너지바 9개입 ,즉석밥/간편식
본가정성 정통 짜장면 2컵,라면류
한결식품 먹태 누룽지 17개입 실온보관,과자/스낵
 [1+1] 그린테이블 고기 만두 18개입 ,냉동식품
달래마을 실속 연유,유제품
미소원 인기 누룽지 9봉,과자/스낵
한결식품 초코 감자칩 8봉,과자/스낵
 하루담은 달콤한 치즈스틱 170g 기획 ,과자/스낵
포미_정통 원두 44입,커피/차
산들바람  가정용  그래놀라  10개입,시리얼/영양바
 하루담은_수제 소금 810g ,소스/조미료
오늘의밥상 국내산 라볶이 3컵,라면류
그린테이블 달콤한 원두 120g,커피/차
델리코  리뉴얼,유제품
미소원 인기 참기름 590g,소스/조미료
청우가 신상품 크래커,과자/스낵
[1+1] 마루한 딸기 2+1,유제품
산들바람  실속  핫도그  800g,냉동식품
달래마을 대용량 녹차,커피/차
오늘의밥상 대용량 요거트 480g 기획,소스/조미료
달래마을 인기 크래커 9개입 실온보관 (대용량),과자/스낵
본가정성 볶은 믹스커피,커피/차
한결식품 대용량 골뱅이 240g,통조림
달래마을 선물용 돈까스 기획,냉동식품
 본가정성  불고기  쌀국수  6컵 ,라면류
델리코 선물용 생수 (대용량),음료
 예담원 수제 버터 6개입 증량 ,유제품
하루담은 실속 보리차 230ml,커피/차
하루담은  가공  라떼,유제품
산들바람  우유  카페라떼  630g,커피/차
하루담은 선물용 꽁치통조림 8개입 (소포장),통조림
마루한 프리미엄 21페트,음료
마루한  불고기  치킨너겟  2+1,냉동식품
[1+1] 그린테이블 정통 요구르트 9개입,유제품
포미 3분,즉석밥/간편식
한결식품 신상품 짜장면 1컵,라면류
[무료배송] 포미 실속 콘프레이크 790g,시리얼/영양바
오늘의밥상_가정용 떡볶이 1봉,냉동식품
한결식품  매운  컵라면  4컵,라면류
예담원 저칼로리 탄산수 1480ml 실온보관,음료
달래마을_얼큰 라볶이 4개입,라면류
하루담은 정통,통조림
그린테이블 실속 마요네즈 1420ml,소스/조미료
청우가  초코  8개입,시리얼/영양바
[무료배송] 포미 신상품 라볶이,라면류
오늘의밥상_오리지널 감자칩 320g,과자/스낵
한결식품  무가당  곡물음료  2L  NEW,음료
달래마을_수제 컵라면 2+1,라면류
달래마을 실속 믹스커피 700g,커피/차
그린테이블_신상품 생크림 6개입,유제품
미소원 프리미엄 카레 3인분,즉석밥/간편식
청우가 국내산 옥수수캔 8개입,시리얼/영양바
청우가_치즈 볶음밥,냉동식품
한결식품_오리지널 참치캔 8개입,통조림
그린테이블 바삭 치즈스틱 7봉 기획,과자/스낵
산들바람 수제 짜장면 4개입 실온보관,라면류
마루한 바삭 젤리 100g,과자/스낵
 델리코  왕뚜껑  쌀국수 ,즉석밥/간편식
델리코 신상품 카레 1290g,소스/조미료
한결식품 대용량 파이 380g,과자/스낵
하루담은 복숭아 에이드,음료
달래마을 3분 누룽지 1인분,즉석밥/간편식
미소원 가정용 군만두 증량,냉동식품
청우가  고소한  카레  10포,소스/조미료
 오늘의밥상_신상품 6컵 x2 ,라면류
산들바람 양조 간장 450g,소스/조미료
청우가 짜장 라면 120g 기획,라면류
오늘의밥상  달콤한  라떼  350g,커피/차
포미  정통  탄산수,음료
[행사] 하루담은 국산콩 카레분말 890g X3,소스/조미료
[1+1] 예담원 짜장 쌀국수 4개입,라면류
본가정성 가정용 곡물음료 2L,음료
하루담은  대용량  참기름  3포,소스/조미료
 미소원 선물용 그래놀라 ,시리얼/영양바
델리코  가정용  탄산수,음료
산들바람 대용량 스팸,통조림
마루한 신상품 골뱅이 11캔,통조림
마루한 선물용 케첩 900ml,소스/조미료
그린테이블 저칼로리 이온음료 23페트,음료
한결식품 수제 6개입 실온보관,통조림
포미 프리미엄 떡볶이 1인분,즉석밥/간편식
 하루담은 복숭아 곡물음료 1L ,음료
포미 무설탕 시리얼 2박스,시리얼/영양바
예담원 프리미엄 쌀국수,라면류
산들바람  정통  케첩  1470g,소스/조미료
청우가 리뉴얼 보리차 (소포장),커피/차
온담 프리미엄 2L,음료
델리코 매콤 카레 증량,즉석밥/간편식
온담 신상품 볶음밥 1봉,냉동식품
[오늘출발] 미소원 국내산 웨하스 2봉,과자/스낵
예담원_실속 주스,음료
델리코 실속 군만두 3봉 2+1,냉동식품
 [1+1] 하루담은 복숭아 에이드 ,음료
오늘의밥상  리뉴얼  92g,라면류
달래마을 정통 라면 3컵 2+1,라면류
하루담은 정통 초코바 20개입,과자/스낵
본가정성 리뉴얼 원두,커피/차
하루담은  인기  간장  2+1,소스/조미료
그린테이블 프리미엄 참기름 1260g,소스/조미료
그린테이블 인기 탄산음료 200ml,음료
[무료배송] 포미 된장 비빔면 5컵 증량,라면류
마루한 고기 핫도그 2+1 (수입산),냉동식품
포미 살코기 복숭아통조림 8캔,통조림
델리코 신상품,라면류
달래마을 디카페인 녹차 280ml 기획,커피/차
본가정성 수제 곡물음료,냉동식품
[오늘출발] 그린테이블 고소한 마요네즈 6포,소스/조미료
포미_치즈 젤리 X3,과자/스낵
[행사] 온담 현미 1인분,즉석밥/간편식
오늘의밥상 딸기 치즈 450g 증량,유제품
[무료배송] 예담원 가정용,음료
미소원 된장 5개입 2+1,라면류
[무료배송] 델리코 오리지널 꽁치통조림,통조림
청우가 얼큰 2컵 x2,라면류
마루한 가정용 생수 19페트,음료
온담 치즈 젤리,과자/스낵
오늘의밥상 가정용 덮밥 6개입,즉석밥/간편식
한결식품 콜드브루 홍차 53입,커피/차
마루한 달콤한 라떼 380ml,커피/차
그린테이블 가정용 라볶이 4컵,라면류
[오늘출발] 달래마을 대용량 4개입,라면류
미소원 짜장 라면 6컵,라면류
산들바람_국산 참치캔 290g 증량,통조림
온담 된장 짜장면 4개입 (대용량),라면류
하루담은 불고기 군만두 10개입 기획,냉동식품
본가정성 프리미엄 7캔,통조림
온담 프리미엄 카레 1310g,소스/조미료
산들바람  가정용  옥수수캔  3개입,통조림
마루한 치즈 새우튀김 NEW,냉동식품
 청우가 콜드브루 라떼 2+1 ,커피/차
청우가 짜장 짜장면 120g,라면류
오늘의밥상 양조 카레 7포,소스/조미료
오늘의밥상 리뉴얼 참치캔 160g,통조림
포미 가정용 치즈스틱 18개입,과자/스낵
[오늘출발] 산들바람 치즈 쌀국수 140g,라면류
산들바람 무설탕 에너지바 12개입,시리얼/영양바
[행사] 예담원 된장 비빔면 130g,라면류
한결식품 아몬드 에너지바 9개입,시리얼/영양바
하루담은 리뉴얼 이온음료 2L,음료
 마루한_플레인 연유 930ml ,유제품
온담  우유  카페라떼  930g,커피/차
[1+1] 마루한 프리미엄 떡볶이 1봉 NEW,냉동식품
마루한 정통 피자 4개입,냉동식품
 오늘의밥상  플레인  치즈  310g ,유제품
하루담은 리뉴얼 볶음밥,냉동식품
한결식품 대용량 오트밀,시리얼/영양바
산들바람 리뉴얼 칼국수,라면류
본가정성_무가당 식혜 1890ml 기획,음료
오늘의밥상 프리미엄 케첩 3포 (대용량),소스/조미료
 하루담은  치즈  치킨너겟  17개입 ,냉동식품
그린테이블 가정용 콘프레이크 3박스,시리얼/영양바
한결식품 치즈 우동 2컵,라면류
마루한 가공 생크림 520ml,유제품
[오늘출발] 하루담은 오리지널 돈까스 4개입,냉동식품
,음료
[무료배송] 마루한 인기 고추장 830g,소스/조미료
온담 달콤한 팝콘 61g,과자/스낵
예담원 포도 생수 900ml,음료
포미 프리미엄 14개입,과자/스낵
포미 해물 라면 91g,라면류
달래마을  오리지널  카레  590ml,소스/조미료
온담 대용량 300g 증량,유제품
 산들바람 오리지널 복숭아통조림 (대용량) ,통조림
델리코 허니버터 웨하스 22개입,과자/스낵
미소원 왕 떡볶이 3봉 실온보관,냉동식품
한결식품 프리미엄 감자칩 40g,과자/스낵
미소원 신상품 에이드 2페트,즉석밥/간편식
마루한 고추 참치캔 4개입,통조림
한결식품 대용량 쌀국수 4개입,라면류
청우가 수제 생수 1290ml,음료
달래마을  실속  2L  x2,음료
산들바람 블랙 보리차,커피/차
하루담은_국내산 칼국수,라면류
한결식품 오리지널 스팸 380g,통조림
마루한 리뉴얼 에이드 21페트 2+1,음료
달래마을 가공 라떼 680ml,유제품
[무료배송] 본가정성 짜장 쌀국수,라면류
포미 국내산 쌀국수 4개입 실온보관,라면류
미소원 살코기 11캔 (대용량),통조림
 [행사] 그린테이블 실속 크래커 22개입 ,과자/스낵
달래마을 아몬드,시리얼/영양바
본가정성 치즈 라볶이 110g 증량,커피/차
산들바람 대용량 골뱅이 10캔 (소포장),통조림
산들바람 인기 누룽지 10봉,과자/스낵
예담원 왕뚜껑 비빔면 5개입,라면류
하루담은 포도 주스 1L,음료
델리코 인기 우동,라면류
산들바람  프리미엄  컵라면  2컵,라면류
[오늘출발] 청우가 복숭아 곡물음료 1770ml,음료
[행사] 오늘의밥상 국산콩 카레 6포,소스/조미료
온담 프리미엄 이온음료 1860ml,음료
미소원 신상품 웨하스,과자/스낵
 미소원 딸기 누룽지 기획 ,과자/스낵
하루담은  대용량  크래커,과자/스낵
그린테이블 오리지널 12개입 2+1,유제품
온담 신상품 크래커,과자/스낵
 하루담은 국산콩 참기름 ,소스/조미료
[무료배송] 온담 불고기 핫도그 20개입,냉동식품
산들바람  수제  19개입,과자/스낵
미소원  현미  국밥  12개입,즉석밥/간편식
[무료배송] 포미 스틱 아메리카노 실온보관,커피/차
 델리코_바삭한 치킨너겟 2봉 ,냉동식품
오늘의밥상 살코기 번데기 3개입,통조림
산들바람 수제 이온음료 420ml 증량,음료
 하루담은  신상품  탄산음료  1L ,음료
 하루담은 간편 떡볶이 480g ,즉석밥/간편식
오늘의밥상_신상품 티백 33입 X3,유제품
본가정성 달콤한 보리차 57입,커피/차
산들바람 오리지널 쌀국수 5개입 (대용량),라면류
예담원 정통 복숭아통조림 260g,통조림
[1+1] 달래마을 리뉴얼 기획,커피/차
그린테이블_해물 라볶이 90g,라면류
한결식품 국내산 떡볶이,유제품
하루담은 인기 레토르트 340g,즉석밥/간편식
예담원  인기  팝콘,과자/스낵
한결식품 고소한,소스/조미료
본가정성 선물용 우동 110g,라면류
 산들바람  인기  참치캔  5캔 ,통조림
 포미 수제 우동 ,라면류
청우가 정통 돈까스 14개입,냉동식품
그린테이블_콜드브루 보리차 290ml,커피/차
포미 가정용 원두 75입,커피/차
온담 무설탕 에너지바 (국내산),시리얼/영양바
포미 정통 컵라면 4개입 (국내산),라면류
예담원 리뉴얼 컵라면 5컵,라면류
오늘의밥상 가정용 카레 4포,소스/조미료
산들바람  리뉴얼  스낵  8봉,과자/스낵
청우가_신상품 팝콘 20개입,과자/스낵
하루담은_복숭아 주스 500ml,음료
[행사] 청우가 무가당 생수 3페트,음료
 예담원 저지방 우유 260ml ,유제품
본가정성  딸기  치즈스틱,과자/스낵
델리코 선물용 스낵 11봉,과자/스낵
청우가 볶은 카페라떼 300ml 증량,커피/차
달래마을 대용량 녹차,커피/차
그린테이블 인기 아메리카노,커피/차
본가정성 신상품 곡물음료 15페트 실온보관 (수입산),음료
 미소원 치즈 핫도그 12개입 X3 ,냉동식품
한결식품 인기 탄산수 930ml 2+1,음료
그린테이블 매운 식초 NEW,소스/조미료
하루담은 살코기 복숭아통조림 12캔 NEW,통조림
본가정성 치즈 초코바 100g,과자/스낵
 청우가 선물용 믹스커피 78입 (소포장) ,커피/차
하루담은 오리지널 라떼 660g 2+1,커피/차
델리코 불고기 라면 3컵,라면류
달래마을  고추  참치캔  3개입,통조림
그린테이블 수제 볶음밥 (수입산),냉동식품
델리코 신상품 버터 x2,유제품
산들바람 얼큰 라면,라면류
한결식품 된장 97g,라면류
마루한 달콤한 젤리 1봉,과자/스낵
한결식품 리뉴얼 즉석밥,즉석밥/간편식
마루한 치즈 군만두 770g 증량,냉동식품
달래마을 딸기 쿠키 6개입,과자/스낵
본가정성  저칼로리  식혜  17페트,음료
온담 플레인 6개입 NEW,유제품
델리코 정통 480g,즉석밥/간편식
[행사] 달래마을 실속 쌀국수,라면류
포미 신상품 스낵 380g,과자/스낵
온담  리뉴얼  요구르트  5개입,유제품
포미_프리미엄 복숭아통조림 4캔,통조림
[1+1] 포미 사골 쌀국수,라면류
한결식품  왕뚜껑  140g,라면류
[1+1] 하루담은 우유 라떼 400ml,커피/차
미소원_인기 이온음료,음료
미소원 우유 원두 (수입산),커피/차
마루한 프리미엄 마요네즈 1090ml,소스/조미료
온담 블랙 원두 (소포장),커피/차
예담원 대용량 비빔면 4개입 x2 (수입산),라면류
[행사] 달래마을 오리지널 비빔면,라면류
청우가 얼큰 비빔면,라면류
본가정성 정통 비빔면 6컵 (국내산),라면류
달래마을_대용량 칼국수 2컵,라면류
산들바람 인기 젤리 1봉 증량,과자/스낵
달래마을 불고기 우동 5개입,라면류
한결식품  김치  5개입,라면류
포미 매운 8캔,통조림
델리코  사골  100g,라면류
달래마을 가정용 라떼 440g 증량 (대용량),유제품
본가정성 대용량 짜장면 4컵 (수입산),라면류
,유제품
청우가 리뉴얼 라면 120g x2,라면류
마루한 딸기 버터,유제품
마루한 리뉴얼 누룽지 150g,과자/스낵
온담 정통 쿠키 11봉,과자/스낵
[오늘출발] 델리코 수제 곡물음료,음료
[행사] 포미 국내산 크래커 3봉 NEW,과자/스낵
청우가 바삭 파이 8봉,과자/스낵
예담원  실속  라면  140g,라면류
본가정성 살코기 스팸 기획,통조림
 미소원 저지방 라떼 880ml ,유제품
[오늘출발] 한결식품 선물용 곡물음료 1L X3,음료
온담 김치 비빔면 4개입,라면류
본가정성  오리지널  크래커,과자/스낵
하루담은 대용량 소금 770g,소스/조미료
본가정성_정통 요구르트 기획,유제품
그린테이블 프리미엄 참치캔 3개입,통조림
본가정성 바삭한 군만두 10개입,냉동식품
 산들바람_오리지널 짜장밥 8개입 x2 ,즉석밥/간편식
산들바람 저염 된장 420ml,소스/조미료
 포미  불고기  만두  19개입 ,냉동식품
[무료배송] 델리코 선물용 시리얼 11개입,시리얼/영양바
달래마을 볶은 라떼 57입,커피/차
청우가 볶은 라떼 430ml,커피/차
[1+1] 오늘의밥상 프리미엄 스팸 9캔,통조림
산들바람 치즈 웨하스 1봉,과자/스낵
[1+1] 마루한 실속 쌀국수 x2,라면류
하루담은 선물용 즉석밥 4개입 (소포장),즉석밥/간편식
온담  리뉴얼  꽁치통조림  8개입  X3,통조림
그린테이블 김치 짜장면,라면류
마루한 무설탕 라떼 310g,유제품
하루담은 수제 아메리카노 31입 x2,커피/차
미소원 가정용 쌀국수 1컵,라면류
그린테이블_볶은 믹스커피 180g,커피/차
델리코 플레인 생크림 11개입 실온보관,유제품
오늘의밥상 오리지널 웨하스 230g,과자/스낵
산들바람 초코 누룽지 280g,과자/스낵
본가정성 리뉴얼 골뱅이,통조림
본가정성 정통 식초 1120ml x2,소스/조미료
 온담 볶은 라떼 340ml NEW ,커피/차
 [무료배송] 오늘의밥상 수제 라면 4개입 ,라면류
 그린테이블_국내산 소금 2포 ,소스/조미료
마루한  대용량  웨하스,과자/스낵
청우가 김치 볶음밥 4봉,냉동식품
하루담은 레몬 식혜 420ml,음료
온담 프로틴 그래놀라 2박스,시리얼/영양바
[오늘출발] 오늘의밥상 대용량 250g 2+1,시리얼/영양바
예담원 국산 참치캔 7개입 (대용량),통조림
포미 허니버터 초코바 기획,과자/스낵
미소원 오리지널 쿠키 9개입,과자/스낵
[1+1] 델리코 국내산 참기름 820ml,소스/조미료
포미  인기  쌀국수  4개입,라면류
오늘의밥상  간편  5개입,즉석밥/간편식
하루담은 허니버터 파이 10봉,과자/스낵
하루담은 수제 컵라면,라면류
오늘의밥상  야채  스팸  3캔,통조림
마루한_수제 2컵 NEW,라면류
산들바람 신상품 크래커 390g 2+1 (대용량),과자/스낵
 한결식품_저염 390g ,소스/조미료
[행사] 달래마을 얼큰,라면류
 델리코 정통 주스 ,음료
달래마을 리뉴얼 새우튀김 증량,냉동식품
 한결식품 매운 라볶이 140g ,라면류
[행사] 산들바람 무가당 에이드 1L,음료
예담원 대용량 녹차 280ml (대용량),커피/차
미소원 오리지널 우동 4개입 2+1,라면류
달래마을 수제 덮밥 270g,즉석밥/간편식
포미  정통  생크림,유제품
마루한  실속  우유  320g,유제품
[1+1] 마루한 오리지널 쿠키,과자/스낵
마루한_대용량 복숭아통조림 5개입,통조림
청우가 달콤한 스낵 18개입 (국내산),과자/스낵
포미 리뉴얼 요거트 570ml,유제품
[행사] 오늘의밥상 가정용 케첩 5포 실온보관,소스/조미료
미소원 인기 케첩 9포 2+1,소스/조미료
포미 왕 치킨너겟 820g,냉동식품
오늘의밥상 우유 보리차,커피/차
델리코  재래식  카레분말  3포  X3,소스/조미료
청우가 신상품 65입 x2,커피/차
마루한 오렌지 탄산수 2페트 (국내산),음료
한결식품 블랙 아메리카노 880g,커피/차
 오늘의밥상  신상품  라떼  280g  증량 ,커피/차
[무료배송] 포미 가정용 홍차 200ml,커피/차
[무료배송] 산들바람 왕뚜껑 라볶이,라면류
 청우가 가정용 x2 ,라면류
 온담 매콤 310g ,즉석밥/간편식
미소원 된장 120g (소포장),라면류
마루한  프리미엄  피자  NEW,냉동식품
하루담은 고기 치킨너겟 700g,냉동식품
[오늘출발] 하루담은 정통 스낵 19개입,과자/스낵
오늘의밥상  플레인  우유  11개입  X3,유제품
[오늘출발] 델리코 불고기 만두 1060g,냉동식품
[무료배송] 예담원 먹태 치즈스틱 46g x2,과자/스낵
오늘의밥상_신상품 돈까스 860g,냉동식품
본가정성 딸기 라떼 480ml,유제품
온담 정통 우동 120g,라면류
한결식품  프리미엄  6개입,유제품
[오늘출발] 온담 딸기 라떼 300g,냉동식품
포미 수제 믹스커피 400ml X3,커피/차
 온담 대용량 참치캔 ,통조림
델리코 오리지널 새우튀김 3봉,냉동식품
미소원 야채 참치캔 5개입,통조림
 본가정성 스틱 라떼 200ml ,커피/차
한결식품  허니버터  치즈스틱  2봉,과자/스낵
그린테이블 허니버터 스낵 4봉,과자/스낵
[1+1] 델리코 프리미엄 우동 140g,라면류
그린테이블 포도 식혜 1L,음료
 산들바람 인기 라볶이 98g ,라면류
산들바람 리뉴얼 참치캔 390g,통조림
오늘의밥상 불고기 치킨너겟 510g,냉동식품
산들바람 신상품 24페트 (소포장),음료
예담원 달콤한 젤리 330g,과자/스낵
오늘의밥상 가정용 비빔면 94g,라면류
청우가 제로 주스 2L,음료
한결식품  얼큰  2컵,라면류
포미 매운 우동,라면류
[행사] 오늘의밥상 국내산 우유 5개입,유제품
델리코 신상품 1봉,냉동식품
하루담은 된장 컵라면 2컵,라면류
 한결식품  고소한  식초  260g  증량 ,소스/조미료
하루담은_새우 19개입 증량,냉동식품
[행사] 그린테이블 실속 즉석밥 2인분,즉석밥/간편식
예담원 김치 라볶이 4개입,라면류
 본가정성 오리지널 번데기 4개입 ,통조림
오늘의밥상  리뉴얼  생수  450ml,음료
한결식품 선물용 라떼 기획,커피/차
그린테이블 선물용 라볶이,라면류
마루한 국내산 요거트,유제품
한결식품  달콤한  녹차  690g,커피/차
[무료배송] 그린테이블 선물용 라면 130g,라면류
본가정성_국산,통조림
하루담은  실속  고추장,소스/조미료
본가정성 프리미엄 아메리카노 340ml 실온보관,커피/차
[오늘출발] 미소원 정통 짜장밥 3인분,즉석밥/간편식
달래마을 저지방 요구르트 16개입 x2,유제품
온담 김치 돈까스 760g,냉동식품
온담 가정용 옥수수캔,통조림
청우가 대용량 꽁치통조림 6캔,통조림
하루담은_인기 크래커 14개입,과자/스낵
[오늘출발] 한결식품 인기 옥수수캔 250g,통조림
 미소원_김치 우동 5개입 기획 ,유제품
 온담 대용량 누룽지 54g (수입산) ,과자/스낵
델리코 신상품 식혜,음료
델리코 신상품 에이드 기획,음료
온담 재래식 간장 1370ml,소스/조미료
예담원 포도 곡물음료 1L,음료
 [오늘출발] 산들바람 신상품 곡물음료 860g ,시리얼/영양바
한결식품  수제  라떼  36입  실온보관,커피/차
하루담은 신상품 X3,라면류
델리코 프리미엄 라떼 12개입,유제품
온담 신상품 라면 100g,라면류
예담원 오리지널 소금 850g,소스/조미료
예담원  신상품  버터,유제품
[1+1] 하루담은 프리미엄 칼국수 90g,라면류
델리코 매운 라면 5컵,커피/차
온담 국내산 컵라면 5개입,라면류
[행사] 온담 인기 초코바 6봉,과자/스낵
청우가 무설탕 요구르트 12개입 NEW,유제품
청우가 실속 홍차 (대용량),커피/차
오늘의밥상 리뉴얼 고추장 3포 X3,소스/조미료
 [오늘출발] 미소원 신상품 우동 4개입 증량 ,라면류
예담원_선물용 짜장면 120g,라면류
 포미 블랙 보리차 700g ,커피/차
마루한_저지방 치즈 360g,유제품
델리코 고기,냉동식품
오늘의밥상 딸기 라떼 210g,유제품
 예담원_수제 팝콘 350g ,라면류
한결식품 치즈 초코바 12봉 기획,과자/스낵
온담 신상품 라떼 190g,커피/차
오늘의밥상 오리지널 식혜 (소포장),음료
델리코 오렌지 생수 1360ml,음료
[무료배송] 한결식품 신상품 탄산음료 2L,음료
마루한 인기 웨하스 140g,과자/스낵
[1+1] 온담 살코기 복숭아통조림 6개입,통조림
포미 치즈 우동,라면류
하루담은 제로 탄산수 1L,음료
산들바람 대용량 번데기 300g,통조림
산들바람_현미 짜장밥 470g,즉석밥/간편식
산들바람 선물용 단백질바 420g,시리얼/영양바
본가정성 치즈 초코바 110g,과자/스낵
예담원 3분 컵밥,즉석밥/간편식
산들바람  치즈  3컵  실온보관,라면류
그린테이블 치즈 쌀국수 110g,라면류
예담원_치즈 비빔면,라면류
델리코  국내산  오트밀,시리얼/영양바
온담 달콤한 티백,커피/차
오늘의밥상  수제  덮밥  400g,즉석밥/간편식
오늘의밥상 딸기 우유,유제품
예담원 슬라이스 라떼 380g x2,유제품
마루한_프리미엄 원두 2+1,커피/차
그린테이블 프리미엄 보리차 180g,커피/차
 포미 오리지널 3개입 (소포장) ,통조림
 그린테이블  인기  생크림  620ml ,유제품
오늘의밥상 플레인 라떼 400g,유제품
산들바람 블랙 보리차 25입,커피/차
 온담 치즈 ,과자/스낵
[오늘출발] 산들바람 가정용 식혜 x2,음료
마루한  오리지널  스팸  5개입,통조림
 [오늘출발] 마루한 초코 누룽지 8봉 ,과자/스낵
예담원  실속  탄산음료,냉동식품
[오늘출발] 한결식품 오리지널 830ml,소스/조미료
달래마을  바삭  초코바  1봉,과자/스낵
청우가 정통 즉석밥 410g 기획,즉석밥/간편식
본가정성 저염 참기름 350g,소스/조미료
온담 그릭 치즈 15개입,유제품
마루한 바삭 스낵 4봉,과자/스낵
청우가 대용량 740g,커피/차
[행사] 청우가 국내산 짜장면 1컵,라면류
포미  아몬드  오트밀  3박스  기획,시리얼/영양바
델리코 가정용 라떼,유제품
하루담은_정통 웨하스 12봉,과자/스낵
포미 수제 참치캔 3개입 NEW,통조림
델리코 실속 탄산음료 2L,음료
미소원 신상품 파이,과자/스낵
하루담은 왕 치킨너겟 6개입 실온보관,냉동식품
포미  달콤한  410ml,커피/차
산들바람 우유 2박스,시리얼/영양바
그린테이블  프리미엄  참기름  340g,소스/조미료
본가정성_오리지널 23개입,과자/스낵
미소원 정통 즉석밥 410g,즉석밥/간편식
 [무료배송] 온담 실속 짜장면 90g ,라면류
미소원  프리미엄  카레  860ml,소스/조미료
[행사] 마루한 치즈,냉동식품
[1+1] 델리코 해물 2컵,라면류
하루담은 수제 컵라면 5개입,라면류
하루담은 저지방 라떼 930ml,유제품
오늘의밥상 수제 치킨너겟 5개입,냉동식품
산들바람 대용량 녹차 100g,커피/차
미소원 김치 치즈스틱,냉동식품
[1+1] 오늘의밥상 신상품,냉동식품
산들바람 프리미엄 버터 증량,유제품
예담원 인기 식혜,음료
 하루담은 리뉴얼 칼국수 ,라면류
한결식품 치즈 돈까스 16개입,냉동식품
[오늘출발] 산들바람 해물 우동 5개입,라면류
그린테이블 불고기 케첩 10포,소스/조미료
포미 먹태 팝콘 8봉,과자/스낵
산들바람  왕뚜껑  칼국수  120g,라면류
본가정성_수제 쿠키 160g NEW,과자/스낵
[오늘출발] 하루담은 오렌지 곡물음료 1L,음료
예담원  프리미엄  젤리  320g,과자/스낵
 산들바람 수제 탄산수 670ml ,음료
하루담은  야채  참치캔  7개입  X3,통조림
청우가 허니버터 13개입,과자/스낵
 온담_실속 300g 실온보관 ,즉석밥/간편식
본가정성 가공,유제품
[오늘출발] 청우가 레몬 탄산음료,음료
그린테이블 국내산 생수 2+1,음료
한결식품 초코 초코바 12봉,과자/스낵
본가정성 양조 카레,소스/조미료
 그린테이블 수제 번데기 6개입 NEW (수입산) ,통조림
마루한 국내산 초코바 84g,과자/스낵
청우가 된장 칼국수,라면류
 그린테이블  된장  칼국수 ,라면류
포미 얼큰 라면 1컵 기획,라면류
미소원  신상품  곡물음료  10페트,음료
미소원 짜장 컵라면,라면류
오늘의밥상 달콤한 라떼 330ml 2+1,커피/차
산들바람 실속 스낵,과자/스낵
달래마을 선물용 새우튀김 4봉,냉동식품
 산들바람 간편 컵밥 2인분 (대용량) ,즉석밥/간편식
미소원 수제 2+1,음료
예담원 바삭 크래커 1봉,과자/스낵
청우가 복숭아 이온음료 2L,음료
산들바람 리뉴얼 라떼 2+1,소스/조미료
[오늘출발] 오늘의밥상 매운 라면 130g,라면류
 하루담은 선물용 탄산수 기획 (대용량) ,음료
[오늘출발] 오늘의밥상 실속 5개입 실온보관,라면류
그린테이블  대용량  400g,통조림
본가정성 살코기 스팸,통조림
[행사] 그린테이블 콜드브루 60입,커피/차
델리코  국산  복숭아통조림  8개입,통조림
본가정성 복숭아 곡물음료 570ml,음료
포미 국내산 식혜,음료
달래마을 리뉴얼 떡볶이 14개입 증량,냉동식품
[무료배송] 본가정성 달콤한 카페라떼 270g,커피/차
청우가 프리미엄 컵라면,라면류
본가정성  신상품  카페라떼,커피/차
 하루담은 국내산 ,소스/조미료
온담 리뉴얼 카페라떼 2+1,커피/차
[오늘출발] 미소원 불고기 간장 1030g,소스/조미료
 한결식품 리뉴얼 카페라떼 (대용량) ,커피/차
오늘의밥상 국내산 연유 (소포장),유제품
예담원 해물 비빔면,라면류
오늘의밥상 대용량 만두 1봉 기획,냉동식품
온담 고소한 1740ml,소스/조미료
마루한 대용량 새우튀김 12개입 증량,냉동식품
[무료배송] 미소원 신상품 치즈스틱 20개입,과자/스낵
오늘의밥상 리뉴얼 돈까스,냉동식품
예담원 먹태 젤리 3봉 NEW,과자/스낵
본가정성 수제 만두 14개입,냉동식품
그린테이블 간편 국밥 1인분,즉석밥/간편식
포미 무설탕 라떼 230g,유제품
마루한 오리지널 버터 460g,유제품
[무료배송] 미소원 오리지널 곡물음료 200ml,음료
산들바람 저염 카레 1270g NEW,소스/조미료
 본가정성 수제 치즈스틱 9봉 기획 ,과자/스낵
[무료배송] 청우가 저칼로리 탄산음료 2L 실온보관,음료
마루한 가정용 카레 8포,소스/조미료
 하루담은 선물용 곡물음료 6개입 ,시리얼/영양바
미소원 얼큰 우동 110g,라면류
청우가 수제 x2,커피/차
미소원 오리지널 라면 140g,라면류
 오늘의밥상  대용량  쌀국수  4개입  증량 ,라면류
[무료배송] 오늘의밥상 가정용 군만두 530g,냉동식품
[행사] 하루담은 현미 짜장밥 9개입 x2,즉석밥/간편식
포미 사골 비빔면 4컵 기획,라면류
[오늘출발] 한결식품 오리지널 참치캔,통조림
하루담은 그릭 라떼 (국내산),유제품
 하루담은 오렌지 탄산수 840ml ,음료
미소원 가정용 감자칩 390g,과자/스낵
하루담은 리뉴얼 번데기 3캔,통조림
하루담은_오리지널 골뱅이 6캔,통조림
달래마을 수제 곡물음료 기획,시리얼/영양바
산들바람 리뉴얼 우유 실온보관,유제품
청우가_매운 고추장 930g,소스/조미료
[행사] 그린테이블 고기 볶음밥,냉동식품
[1+1] 오늘의밥상 치즈 팝콘 19개입,과자/스낵
달래마을 선물용 라떼 7개입 증량 (수입산),유제품
그린테이블_달콤한 11개입 실온보관,과자/스낵
달래마을 국내산 젤리 10봉 (수입산),과자/스낵
 미소원 초코 누룽지 11봉 NEW (국내산) ,과자/스낵
미소원 김치 칼국수 4개입,라면류
한결식품 짜장 라면 120g 2+1,라면류
청우가 치즈 감자칩 X3,과자/스낵
 마루한  신상품  치즈스틱 ,냉동식품
한결식품 국내산 골뱅이 5개입,통조림
 온담 김치 컵라면 110g ,라면류
그린테이블 치즈,과자/스낵
한결식품 수제 짜장면 5개입,라면류
포미 살코기 스팸 기획,통조림
오늘의밥상 바삭 크래커 6봉 x2,과자/스낵
한결식품_프리미엄 옥수수캔,통조림
 미소원  3분  국밥 ,즉석밥/간편식
미소원 우유 카페라떼 53입 기획,커피/차
온담  정통  연유,유제품
오늘의밥상_리뉴얼 라떼 410ml,커피/차
달래마을 국내산 파이,과자/스낵
달래마을 왕 피자 1180g (국내산),냉동식품
[오늘출발] 한결식품 전복 국밥,즉석밥/간편식
그린테이블 정통 파이 390g,과자/스낵
하루담은 먹태 실온보관,과자/스낵
포미 신상품 칼국수 130g,라면류
 마루한 콜드브루 300ml ,커피/차
한결식품 가정용 쌀국수 1컵,라면류
포미_국내산,즉석밥/간편식
온담 인기 생크림 11개입,유제품
청우가 대용량 웨하스 320g,과자/스낵
그린테이블 수제 에이드 540ml 실온보관,음료
델리코_가정용 치즈 9개입,유제품
마루한 선물용 탄산음료,음료
한결식품  포도  곡물음료  200ml,음료
하루담은  실속  그래놀라  3박스,시리얼/영양바
온담_왕뚜껑 쌀국수 5컵,라면류
델리코 대용량 초코바 1봉,과자/스낵
 [오늘출발] 예담원 오리지널 ,커피/차
산들바람 국내산 치즈스틱 330g,과자/스낵
그린테이블 수제 주스 17페트,음료
온담  실속  치즈스틱  54g,과자/스낵
달래마을 프리미엄 카레 5포,소스/조미료
본가정성 3분 카레 6개입,즉석밥/간편식
[행사] 한결식품 왕뚜껑 우동 140g,라면류
[1+1] 미소원 오리지널 치즈스틱 370g 2+1,과자/스낵
[행사] 온담 오리지널 340g,과자/스낵
[행사] 달래마을 가정용 라볶이 3컵 2+1,라면류
본가정성 오리지널 꽁치통조림 6캔 기획,통조림
 본가정성 오리지널 아메리카노 실온보관 ,커피/차
오늘의밥상 신상품 우동 4개입,라면류
포미 실속 짜장면 5개입,라면류
 미소원 매운 골뱅이 4개입 ,통조림
그린테이블 가정용 복숭아통조림 5캔,통조림
오늘의밥상 먹태 쿠키 8개입,과자/스낵
[행사] 온담 오리지널 우동,통조림
[1+1] 오늘의밥상 리뉴얼 카레 4포 기획,소스/조미료
오늘의밥상 선물용 팝콘,과자/스낵
[1+1] 한결식품 양조 카레분말 950g,소스/조미료
[오늘출발] 그린테이블 정통 컵라면 5개입,라면류
하루담은 리뉴얼 꽁치통조림,통조림
하루담은  살코기  골뱅이  실온보관,통조림
 달래마을_수제 번데기 6개입 ,즉석밥/간편식
청우가  치즈  라볶이  4개입,라면류
[오늘출발] 델리코 선물용 간장 980g,소스/조미료
 [1+1] 예담원 대용량 버터 ,유제품
미소원 가정용 파이 94g,과자/스낵
델리코  인기  곡물음료,음료
달래마을  오리지널  아메리카노  420g  2+1,커피/차
온담_신상품 그래놀라 12개입,시리얼/영양바
[오늘출발] 달래마을 레몬 이온음료 680ml X3,음료
미소원 대용량 된장 1370g,소스/조미료
하루담은 가정용 믹스커피 44입,커피/차
미소원  실속  탄산음료  1페트,음료
 달래마을_매운 번데기 3개입 ,통조림
하루담은 초코 콘프레이크 460g,시리얼/영양바
본가정성 오리지널 우동 100g 증량,라면류
오늘의밥상 국내산 380g,냉동식품
마루한 스틱 보리차 340ml,커피/차
하루담은  프리미엄  칼국수,라면류
마루한_수제 라떼 7개입,유제품
 달래마을 바삭 파이 3봉 ,과자/스낵
델리코 짜장 라면 6컵 (소포장),라면류
[오늘출발] 한결식품 가정용 생수 6페트 2+1,음료
[무료배송] 오늘의밥상 정통 참치캔 5개입,통조림
미소원 정통 컵라면 5개입 2+1,라면류
[무료배송] 온담 프리미엄 칼국수 92g,라면류
델리코 실속 번데기 5개입,통조림
하루담은 프리미엄 짜장면 3컵 X3,라면류
산들바람 인기 탄산수 9페트,음료
 [무료배송] 한결식품 블랙 원두 240g 실온보관 ,커피/차
온담_치즈 웨하스 38g,과자/스낵
달래마을 오리지널 치즈스틱 200g (소포장),과자/스낵
예담원 오리지널 복숭아통조림,통조림
달래마을  대용량  아메리카노  380g,커피/차
 달래마을 된장 라볶이 120g ,라면류
온담 제로 탄산음료 2L,음료
청우가 오리지널 라떼 110g,유제품
미소원 수제 티백 270ml 실온보관,커피/차
델리코 프리미엄 에이드 2L,음료
하루담은 블랙 원두,커피/차
오늘의밥상_신상품 믹스커피 230ml,커피/차
마루한_오렌지 탄산수 2+1,음료
 [1+1] 미소원 바삭 치즈스틱 350g ,과자/스낵
달래마을  무가당  곡물음료  21페트,음료
산들바람_수제 골뱅이 7개입,통조림
[1+1] 오늘의밥상 리뉴얼 버터 13개입,유제품
그린테이블  정통  치킨너겟  590g,냉동식품
산들바람_왕뚜껑 칼국수 5개입,라면류
산들바람 대용량 보리차 71입 증량,커피/차
본가정성 무설탕 우유,유제품
포미_대용량 우동 X3,라면류
온담_고소한 마요네즈 4포,소스/조미료
예담원 매운 골뱅이 6개입,통조림
하루담은 리뉴얼 카레 350g 증량,즉석밥/간편식
 산들바람 김치 짜장면 4컵 ,라면류
미소원_대용량 케첩 5포,소스/조미료
 본가정성 오리지널 카페라떼 80입 ,커피/차
델리코 초코 스낵 13개입 2+1,과자/스낵
예담원 달콤한 라떼 57입,커피/차
온담_인기 누룽지 22개입,과자/스낵
한결식품 프리미엄 카레분말 9포,소스/조미료
 델리코 포도 탄산수 ,음료
오늘의밥상 대용량 떡볶이 500g,즉석밥/간편식
미소원  불고기  1800ml  증량,소스/조미료
[행사] 본가정성 오리지널 연유 820ml 기획,유제품
한결식품 실속 초코바 120g (국내산),과자/스낵
한결식품  오리지널  800g,냉동식품
 청우가  달콤한  라떼  330ml ,커피/차
본가정성 블랙 홍차 24입,커피/차
예담원  오리지널  웨하스,과자/스낵
산들바람 바삭 쿠키 10봉 NEW,과자/스낵
산들바람 수제 젤리 10봉,과자/스낵
청우가  가정용  떡볶이  3봉  2+1,냉동식품
 본가정성  살코기  번데기  9캔 ,커피/차
청우가 블랙 홍차 930g 2+1,커피/차
포미  국내산  카레  5포  NEW,소스/조미료
달래마을 매운 꽁치통조림,통조림
마루한 인기 6봉 NEW,과자/스낵
온담_인기 감자칩 200g,과자/스낵
미소원 대용량 생크림 (대용량),유제품
[행사] 델리코 오렌지 이온음료 420ml X3,음료
예담원  국내산  라볶이  6컵,라면류
산들바람 제로 생수,음료
오늘의밥상  신상품  3컵,라면류
마루한 리뉴얼 팝콘 12봉 NEW,과자/스낵
달래마을_새우 새우튀김 4봉 x2,냉동식품
미소원 재래식 소금 1410g,소스/조미료
그린테이블_정통 요거트 270g NEW,유제품
본가정성 신상품 라떼 64입,커피/차
미소원 볶은,커피/차
본가정성 볶은 카페라떼 기획,커피/차
달래마을 인기 스팸 230g,통조림
 [오늘출발] 오늘의밥상 대용량 젤리 24개입 ,과자/스낵
[행사] 하루담은 프리미엄 버터 110g 기획,유제품
오늘의밥상 국내산 옥수수캔 6캔,통조림
본가정성  오리지널  짜장면  99g,라면류
하루담은_오렌지 주스 1140ml,음료
그린테이블 대용량 녹차 350ml x2 (국내산),커피/차
[행사] 하루담은 매운 마요네즈,소스/조미료
 한결식품  신상품  누룽지  2+1 ,과자/스낵
한결식품 양조 카레 1350ml,소스/조미료
청우가 수제,과자/스낵
오늘의밥상 포도,음료
[행사] 본가정성 프리미엄 믹스커피 480ml 실온보관,커피/차
본가정성 바삭 누룽지 6개입,과자/스낵
포미_매운 간장,소스/조미료
[무료배송] 청우가 가공 라떼 120g 실온보관,유제품
한결식품 콜드브루 티백 430g,커피/차
[무료배송] 그린테이블 무설탕 생크림 증량,유제품
온담 정통 라볶이 2컵,라면류
델리코 국내산 누룽지 3봉 x2,과자/스낵
한결식품 매운 소금 520ml,소스/조미료
[1+1] 예담원 국내산 쿠키 130g,과자/스낵
청우가_매운 복숭아통조림 8개입,통조림
델리코_된장 비빔면,라면류
마루한 수제 라볶이,라면류
한결식품  신상품  25입,커피/차
달래마을 리뉴얼 5개입 실온보관,라면류
 달래마을  리뉴얼  꽁치통조림  실온보관 ,통조림
한결식품_레몬 이온음료 1940ml,음료
미소원 포도 곡물음료 2L,음료
미소원 슬라이스 생크림 380ml 기획,유제품
달래마을 가정용 감자칩 (국내산),과자/스낵
본가정성 초코 파이 51g,과자/스낵
한결식품 왕 1150g 실온보관,냉동식품
델리코  포도  곡물음료  940ml,음료
달래마을 프리미엄 버터,유제품
산들바람 간편 카레,즉석밥/간편식
청우가_짜장 짜장면 95g,라면류
미소원 김치 라볶이 1컵 x2,라면류
[1+1] 온담 신상품,통조림
청우가_정통 곡물음료 1박스,시리얼/영양바
오늘의밥상 실속 식초,소스/조미료
온담 저지방 우유 200g x2 (대용량),유제품
달래마을 치즈 초코바 (소포장),과자/스낵
[무료배송] 한결식품 정통 콘프레이크 3박스 X3,시리얼/영양바
청우가 신상품 이온음료 6페트,음료
포미  리뉴얼  곡물음료  2L,음료
청우가 국내산 짜장면 110g,라면류
산들바람 양조 카레 9포,소스/조미료
청우가_리뉴얼 짜장면 120g,라면류
마루한  짜장  라볶이  110g,라면류
[1+1] 하루담은 포도 에이드 440ml,음료
미소원 가정용 감자칩 9봉 기획,과자/스낵
청우가 선물용 웨하스 12봉,과자/스낵
오늘의밥상 제로 탄산수,음료
한결식품 리뉴얼 쌀국수 5개입,라면류
미소원 왕 떡볶이 4봉,냉동식품
 산들바람 정통 라떼 220ml X3 ,커피/차
 미소원 수제 크래커 (대용량) ,과자/스낵
그린테이블 실속 콘프레이크 2+1,시리얼/영양바
 하루담은 리뉴얼 짜장면 ,라면류
그린테이블 레몬 1740ml,음료
온담_해물 130g X3,라면류
포미  선물용,통조림
하루담은 프리미엄 카레 1인분 실온보관,즉석밥/간편식
포미 실속 에이드,음료
하루담은  국내산  우유  420g,유제품
 온담 대용량 웨하스 170g ,과자/스낵
예담원 정통 티백 NEW,커피/차
오늘의밥상 양조 된장 5포 X3,소스/조미료
한결식품 신상품 라면 1컵 기획,라면류
본가정성 그릭 요구르트 380ml,유제품
한결식품 신상품 치킨너겟 990g,냉동식품
그린테이블 오리지널 스낵,과자/스낵
하루담은 선물용 골뱅이,통조림
[무료배송] 미소원 프리미엄 버터 740ml,유제품
델리코  치즈  칼국수  4개입,라면류
한결식품_플레인 요구르트,유제품
 본가정성 대용량 라떼 740g ,커피/차
그린테이블 실속 식초 1480g (대용량),소스/조미료
[1+1] 포미 정통 감자칩 65g,과자/스낵
오늘의밥상 초코 쿠키 10개입 실온보관,과자/스낵
온담 초코 누룽지 24개입,과자/스낵
마루한  선물용  복숭아통조림  150g,통조림
본가정성 정통 생수 기획,음료
하루담은 리뉴얼 팝콘 8개입,과자/스낵
본가정성_실속 56입,커피/차
오늘의밥상 가정용 치킨너겟 NEW,냉동식품
마루한 초코 팝콘 12개입,과자/스낵
 마루한  햇반  컵밥  4인분  NEW ,즉석밥/간편식
 예담원 실속 식혜 2L 실온보관 ,음료
[행사] 마루한 새우 떡볶이 360g,냉동식품
[1+1] 예담원 실속 요거트 10개입 실온보관,유제품
산들바람_슬라이스 라떼 88g,유제품
하루담은 신상품 카레 4인분,즉석밥/간편식
한결식품  인기  복숭아통조림  230g  NEW,통조림
본가정성  먹태  감자칩  36g,과자/스낵
그린테이블 수제 이온음료 11페트,음료
포미 3분 국밥,즉석밥/간편식
마루한 콜드브루 티백 88입 실온보관,커피/차
예담원 치즈 누룽지 190g,과자/스낵
 온담 콜드브루 카페라떼 720g ,커피/차
[행사] 한결식품 레몬 탄산음료 270ml,음료
 온담 수제 웨하스 11개입 X3 ,과자/스낵
달래마을 선물용 스낵 X3,과자/스낵
포미 국내산 카페라떼 440g x2,커피/차
온담 저지방 요거트,유제품
미소원  선물용  5개입,라면류
마루한_오리지널 카레 280g,즉석밥/간편식
 청우가 프리미엄 카레분말 2포 ,소스/조미료
[무료배송] 포미 김치 만두 1010g,냉동식품
산들바람 가공 생크림 14개입,유제품
산들바람  딸기  7개입  기획,유제품
[1+1] 산들바람 가정용 짜장면 1컵,라면류
 산들바람  프리미엄  만두  5개입 ,냉동식품
미소원 된장 라면 98g,라면류
그린테이블 달콤한 라떼 770g,커피/차
[무료배송] 예담원 오리지널 치즈 x2,유제품
달래마을 소고기 국밥 300g 실온보관 (수입산),즉석밥/간편식
그린테이블 인기 치즈스틱 140g,과자/스낵
하루담은 무설탕 생크림 480g (국내산),유제품
[1+1] 오늘의밥상 스틱 라떼 250g,커피/차
산들바람 대용량 요구르트 790ml X3,유제품
 그린테이블  선물용  24개입 ,과자/스낵
미소원  오리지널  버터  220g  실온보관,유제품
한결식품 저염 참기름 6포 (국내산),소스/조미료
달래마을 수제 피자 1봉 (수입산),냉동식품
델리코 슬라이스 요거트 (소포장),유제품
[행사] 한결식품 인기 스낵 100g x2,과자/스낵
미소원 불고기 비빔면 3컵,라면류
그린테이블 얼큰 우동,라면류
하루담은  매운  짜장면  120g,라면류
본가정성  리뉴얼  치즈  280g  증량,유제품
본가정성 리뉴얼 치즈스틱,과자/스낵
델리코 수제 라면 2컵 실온보관 (대용량),라면류
[오늘출발] 마루한 오리지널 핫도그 1020g,냉동식품
[행사] 예담원 신상품 라떼 240ml,유제품
[오늘출발] 포미 가정용 옥수수캔 4개입 NEW,통조림
한결식품 국내산 330ml,커피/차
온담 가정용 웨하스 300g,과자/스낵
하루담은 프리미엄 새우튀김,냉동식품
한결식품 국내산 치즈 9개입 (소포장),유제품
마루한 견과 콘프레이크 1박스 (수입산),시리얼/영양바
마루한  국내산  칼국수  1컵,라면류
예담원  국산콩  고추장  670ml,소스/조미료
마루한 정통 생크림 450g x2,유제품
[1+1] 예담원 리뉴얼 국밥 250g,즉석밥/간편식
마루한 현미 카레 기획,즉석밥/간편식
 마루한_국내산 스낵 11봉 ,과자/스낵
그린테이블  정통  곡물음료  1박스,시리얼/영양바
[오늘출발] 산들바람 리뉴얼 번데기 290g,통조림
산들바람_달콤한 x2,과자/스낵
 산들바람 가정용 크래커 (수입산) ,과자/스낵
포미  대용량  웨하스  9개입,과자/스낵
산들바람  리뉴얼  1컵,라면류
 온담 선물용 만두 1140g ,냉동식품
본가정성 오리지널 400g,커피/차
 델리코_가정용 떡볶이 실온보관 ,즉석밥/간편식
오늘의밥상 신상품 보리차 460ml,커피/차
포미 허니버터 190g x2,과자/스낵
한결식품 달콤한 쿠키 실온보관,과자/스낵
 청우가 블랙 카페라떼 400ml x2 ,커피/차
달래마을 프리미엄 케첩,소스/조미료
[오늘출발] 산들바람 저칼로리 식혜,음료
마루한_왕뚜껑 라면,라면류
 본가정성  매운  고추장 ,소스/조미료
달래마을  가정용  기획,소스/조미료
마루한 복숭아 이온음료 1L,음료
마루한_국산콩 된장 1720ml,소스/조미료
그린테이블 치즈 쿠키 20개입 X3,과자/스낵
한결식품 국내산 꽁치통조림 6개입,통조림
하루담은 신상품 팝콘 12개입,과자/스낵
달래마을 바삭 초코바 160g,과자/스낵
산들바람 리뉴얼 치킨너겟 3봉,냉동식품
포미 선물용 믹스커피 220ml,커피/차
델리코 리뉴얼 카레 360g,소스/조미료
[오늘출발] 마루한 달콤한 쿠키 3봉 x2,과자/스낵
달래마을 야채 참치캔,통조림
[무료배송] 본가정성 신상품 라떼 실온보관,유제품
포미_인기 카레 1750ml,소스/조미료
델리코 치즈 110g,라면류
본가정성  가정용  250ml,커피/차
오늘의밥상  프리미엄  케첩  4포,소스/조미료
예담원 오리지널 간장 1080ml,소스/조미료
마루한 재래식 참기름 8포,소스/조미료
델리코_국내산 카레분말 970ml,소스/조미료
산들바람  국내산  짜장면  5개입  2+1,라면류
 하루담은 인기 감자칩 120g ,과자/스낵
 본가정성 선물용 컵라면 120g ,라면류
예담원_인기 라떼,유제품
예담원  인기  8봉  2+1,과자/스낵
[오늘출발] 청우가 오리지널 녹차 460ml,커피/차
[1+1] 한결식품 바삭 파이,과자/스낵
미소원 김치 새우튀김 11개입 (국내산),냉동식품
온담 매운 골뱅이,통조림
마루한 제로 이온음료 15페트,음료
오늘의밥상 국내산 레토르트 330g,과자/스낵
마루한 리뉴얼 카레 1010ml,소스/조미료
본가정성 오리지널 5개입,통조림
 달래마을 치즈 컵라면 4컵 x2 ,라면류
청우가 허니버터 11개입,과자/스낵
델리코 오리지널 파이 10봉 실온보관 (소포장),과자/스낵
 오늘의밥상 가정용 곡물음료 기획 ,음료
예담원 실속 젤리 7봉,과자/스낵
하루담은  살코기  옥수수캔  3개입,통조림
하루담은 왕 새우튀김 650g NEW,냉동식품
본가정성 볶은 아메리카노 66입,커피/차
[1+1] 포미 무가당 주스 590ml,음료
 산들바람 저칼로리 에이드 2L ,음료
[행사] 포미 대용량 즉석밥 2인분 X3,즉석밥/간편식
하루담은_선물용 라볶이 4개입 X3,라면류
[무료배송] 본가정성 대용량 믹스커피,커피/차
 [무료배송] 청우가 선물용 쌀국수 110g ,라면류
 산들바람  가정용  티백  370ml ,커피/차
 [1+1] 오늘의밥상 스틱 티백 340ml ,커피/차
청우가 정통 누룽지 (수입산),과자/스낵
온담 실속 쌀국수 99g,라면류
마루한  신상품  시리얼  7개입,시리얼/영양바
 그린테이블_프리미엄 ,유제품
 청우가  실속  누룽지 ,과자/스낵
미소원 인기 곡물음료 18페트 증량,음료
그린테이블_대용량 떡볶이 X3,즉석밥/간편식
 포미 수제 ,라면류
예담원 고소한 된장,소스/조미료
델리코  국내산  믹스커피  230ml,커피/차
 예담원  대용량  믹스커피 ,커피/차
[오늘출발] 예담원 리뉴얼 짜장면 4개입,라면류
 그린테이블_프리미엄 초코바 9개입 ,과자/스낵
오늘의밥상_대용량 팝콘 실온보관,과자/스낵
청우가 리뉴얼 케첩 10포,소스/조미료
미소원  사골  비빔면  5개입  NEW,라면류
[행사] 마루한 리뉴얼 복숭아통조림 7개입 증량,통조림
예담원 선물용 우동,라면류
[오늘출발] 그린테이블 신상품 치즈 9개입,유제품
[오늘출발] 마루한 오리지널 옥수수캔 200g,통조림
 한결식품 수제 복숭아통조림 (수입산) ,통조림
본가정성 신상품 라볶이 120g,라면류
마루한 대용량 라떼 400ml,커피/차
그린테이블 가정용 탄산수 (수입산),음료
달래마을_인기,라면류
 마루한 해물 우동 ,라면류
[오늘출발] 마루한 정통 탄산음료,냉동식품
 그린테이블 블랙 카페라떼 ,커피/차
그린테이블 매운 옥수수캔 3개입,통조림
 마루한  무설탕  시리얼 ,시리얼/영양바
달래마을 리뉴얼 우동 1컵 2+1,라면류
 예담원 국내산 치즈스틱 400g ,과자/스낵
청우가 리뉴얼 녹차 270g 증량,커피/차
본가정성 오리지널 생크림 210g NEW (수입산),유제품
 달래마을_치즈 군만두 x2 ,냉동식품
[1+1] 예담원 프리미엄 19개입 x2,과자/스낵
포미_인기 팝콘 24개입,과자/스낵
청우가 딸기 젤리 38g,과자/스낵
[1+1] 한결식품 저칼로리 탄산음료,음료
한결식품  오리지널  쿠키  4봉,과자/스낵
델리코  대용량  돈까스  19개입,냉동식품
 하루담은  수제  파이  300g  NEW ,과자/스낵
마루한 실속 쌀국수 5컵,라면류
달래마을 정통 라떼 93입,커피/차
마루한  수제  젤리  14개입  NEW,과자/스낵
그린테이블 무설탕 380g,유제품
그린테이블_실속 스낵,과자/스낵
미소원 선물용 티백 34입,커피/차
한결식품 새우 치킨너겟 8개입 (수입산),냉동식품
본가정성_대용량 원두 300ml,커피/차
하루담은  불고기  카레  1290ml,소스/조미료
[무료배송] 미소원 얼큰 라볶이 120g x2,라면류
마루한 선물용 시리얼,시리얼/영양바
예담원  저지방  요거트  2+1,유제품
청우가 인기 카레 240g,소스/조미료
[무료배송] 온담 초코,시리얼/영양바
 마루한 김치 비빔면 4개입 ,시리얼/영양바
한결식품 국내산 5개입,라면류
그린테이블  리뉴얼  탄산음료  NEW,음료
하루담은  왕뚜껑  라면  110g,라면류
[1+1] 그린테이블 새우 떡볶이 720g,냉동식품
청우가_해물 비빔면 4개입,라면류
본가정성 인기 라떼 960ml,유제품
 본가정성 프리미엄 라떼 ,커피/차
미소원 오렌지 탄산수 (소포장),음료
 온담 정통 꽁치통조림 260g ,통조림
하루담은 프리미엄 믹스커피 350ml 2+1,커피/차
 한결식품 대용량 라면 130g ,라면류
청우가 디카페인 카페라떼 79입 (대용량),커피/차
한결식품  딸기  크래커  220g,과자/스낵
 산들바람  저칼로리  탄산음료  1L  증량 ,음료
그린테이블 레몬 이온음료 1200ml,음료
마루한  오리지널  파이  13개입,과자/스낵
 오늘의밥상 오리지널 젤리 증량 ,과자/스낵
그린테이블 먹태 팝콘 7봉 2+1,과자/스낵
예담원 대용량 덮밥 280g x2,커피/차
예담원  딸기  생크림  4개입  증량,유제품
[오늘출발] 포미 스틱 아메리카노 86입,커피/차
델리코_선물용 팝콘 22개입,과자/스낵
하루담은 인기 주스 1L x2,음료
그린테이블_선물용 생수 NEW,음료
델리코 오리지널 요거트 420ml (수입산),유제품
청우가 리뉴얼 카레 490g,소스/조미료
포미 치즈 감자칩 100g,과자/스낵
예담원 오리지널 연유 (국내산),유제품
그린테이블 치즈 4개입,라면류
[1+1] 산들바람 된장 5개입,라면류
온담 볶은 카페라떼 240ml,커피/차
 미소원 저지방 요구르트 800ml 기획 ,유제품
그린테이블 고소한 간장 6포 증량,소스/조미료
온담 수제 우유,유제품
포미_살코기 골뱅이 3캔,통조림
오늘의밥상  신상품  원두  940g,커피/차
그린테이블  인기  생수  1700ml,음료
포미 가공 400g 실온보관,유제품
미소원  수제  곡물음료  1260ml  x2,음료
산들바람 가정용 보리차 80입,커피/차
오늘의밥상  불고기  라면  5개입,라면류
한결식품 인기 이온음료 1L 2+1,음료
달래마을  정통  컵라면  5개입,라면류
포미  김치  우동  5컵,라면류
청우가 왕뚜껑 쌀국수 기획,라면류
[행사] 예담원 복숭아 식혜 800ml,음료
오늘의밥상 레몬 에이드 9페트,음료
하루담은 달콤한 라떼 270ml,커피/차
하루담은 오리지널 비빔면 110g,라면류
그린테이블 얼큰 우동 110g,라면류
달래마을 치즈 파이,과자/스낵
미소원  저염  식초  1580ml,소스/조미료
미소원 리뉴얼 덮밥 1인분,즉석밥/간편식
델리코 달콤한 누룽지 5봉,과자/스낵
[무료배송] 한결식품 신상품 우동 증량,라면류
 한결식품  복숭아  생수 ,음료
오늘의밥상 오리지널 810ml (소포장),유제품
산들바람 저칼로리 에이드 1800ml,음료
[무료배송] 델리코 인기 비빔면 5컵,라면류
예담원 복숭아 주스 2L,음료
온담 오리지널 감자칩 실온보관,과자/스낵
마루한 매운 라면 4컵,라면류
 예담원  간편  컵밥  4인분 ,즉석밥/간편식
예담원 선물용 에이드 1370ml,음료
[1+1] 미소원 정통 누룽지 8개입,즉석밥/간편식
[행사] 한결식품 얼큰 쌀국수 기획,라면류
달래마을 치즈 팝콘 15개입,과자/스낵
본가정성 선물용 14개입,냉동식품
산들바람_선물용 참치캔 260g 기획,통조림
델리코  포도  1L  기획,음료
한결식품_왕 피자 410g,냉동식품
그린테이블 국내산 새우튀김 13개입,냉동식품
 본가정성 오렌지 탄산수 9페트 X3 ,음료
미소원  리뉴얼  치즈  11개입  증량,유제품
[무료배송] 그린테이블 무설탕 치즈,유제품
마루한 가정용 된장 1270ml,소스/조미료
산들바람_저지방 라떼,유제품
본가정성 정통 곡물음료,시리얼/영양바
온담 프리미엄 티백 320ml,커피/차
예담원  국내산  티백  320ml  실온보관,커피/차
온담  얼큰  우동  90g,라면류
그린테이블 수제 40입,커피/차
예담원  바삭  22개입,과자/스낵
[무료배송] 청우가 대용량 초코바 350g NEW,과자/스낵
그린테이블 인기,과자/스낵
본가정성 재래식 간장,소스/조미료
달래마을  인기,라면류
달래마을  신상품  라볶이  140g,라면류
[1+1] 온담 프리미엄 에이드 실온보관,음료
마루한 리뉴얼 참치캔 380g,통조림
 본가정성 프리미엄 칼국수 110g ,라면류
청우가 가정용 컵라면 120g 2+1,라면류
달래마을 리뉴얼 참기름 440ml,소스/조미료
[무료배송] 달래마을 신상품 카페라떼 53입,커피/차
그린테이블_달콤한 팝콘 390g NEW,과자/스낵
한결식품 저칼로리 식혜 1130ml 증량,음료
산들바람 제로 에이드 2페트 (국내산),음료
그린테이블 신상품 라떼 480ml,커피/차
포미 대용량 카레 1490g,소스/조미료
포미  대용량  탄산수  15페트  x2,음료
[무료배송] 예담원 간편 죽 기획,즉석밥/간편식
온담_그릭 버터 4개입 x2,유제품
청우가 실속 옥수수캔 7개입 (국내산),통조림
예담원 프리미엄 컵밥 1인분,즉석밥/간편식
 달래마을_새우 치킨너겟 2봉 ,냉동식품
[행사] 하루담은 슬라이스 요구르트 320ml,유제품
달래마을 소고기 덮밥,즉석밥/간편식
예담원 대용량 티백 400ml X3,커피/차
오늘의밥상 수제 덮밥,즉석밥/간편식
델리코_선물용 군만두,냉동식품
예담원  레몬  1L,음료
한결식품 달콤한 카페라떼 810g,커피/차
본가정성  국산콩  카레  10포,소스/조미료
한결식품 대용량 참치캔,통조림
 마루한  오리지널  버터  660ml  2+1 ,유제품
그린테이블 딸기 연유 4개입,유제품
달래마을 살코기 꽁치통조림 6개입,유제품
델리코_국산콩 마요네즈 540ml X3,소스/조미료
산들바람 인기 크래커 8봉 실온보관,과자/스낵
그린테이블 치즈 110g (수입산),음료
마루한_가정용 요거트 630ml,유제품
 청우가 수제 홍차 33입 ,커피/차
산들바람 정통 곡물음료 3박스,시리얼/영양바
델리코 대용량 (소포장),소스/조미료
[1+1] 그린테이블 인기 탄산수,음료
본가정성 오렌지 생수 x2,음료
델리코  신상품  에이드  1L,음료
달래마을_고추 복숭아통조림 4개입,통조림
오늘의밥상_프리미엄 녹차 67입,커피/차
[오늘출발] 하루담은 블랙 티백 2+1,커피/차
청우가 인기 고추장 490ml NEW,소스/조미료
온담 리뉴얼 소금 1270ml (대용량),소스/조미료
그린테이블 정통 2+1,커피/차
산들바람 오리지널 스팸,통조림
 한결식품 플레인 510ml (국내산) ,유제품
포미 현미 짜장밥 실온보관,즉석밥/간편식
예담원  선물용  라면  4개입,라면류
마루한 인기 카레분말 600g X3,소스/조미료
그린테이블 오렌지 주스 1L,음료
본가정성 오리지널 번데기 8캔,통조림
포미 정통 컵라면 6컵 NEW,라면류
[1+1] 포미 사골 짜장면 3컵,라면류
한결식품 정통 콘프레이크 3박스,시리얼/영양바
포미  매운  간장  1430ml,소스/조미료
그린테이블 저염 참기름 480ml 2+1 (국내산),소스/조미료
청우가 정통 젤리 X3,과자/스낵
하루담은_야채 옥수수캔 6캔,통조림
청우가 인기 690ml (대용량),소스/조미료
[행사] 온담 수제 카레,소스/조미료
미소원 왕뚜껑 짜장면 (대용량),즉석밥/간편식
청우가 선물용 탄산수,음료
한결식품_가정용 홍차 270ml,커피/차
,과자/스낵
본가정성 국내산 요구르트 14개입 X3,유제품
청우가 국내산 칼국수 5개입,라면류
미소원_국내산 크래커 1봉,과자/스낵
 미소원  견과  단백질바  5개입 ,냉동식품
델리코 짜장 우동 130g,라면류
온담 야채 옥수수캔 7캔 (소포장),통조림
하루담은 수제 우유 280ml 2+1 (국내산),유제품
오늘의밥상 인기 컵라면 110g (수입산),라면류
하루담은 대용량 치킨너겟 1040g X3,냉동식품
그린테이블 불고기 볶음밥 4봉,냉동식품
포미 김치 5개입,라면류
마루한 국내산 티백 27입 (수입산),커피/차
포미 사골 칼국수 (수입산),라면류
산들바람_저염 된장 1120ml 실온보관,소스/조미료
산들바람 리뉴얼 주스 1L 실온보관 (소포장),음료
온담  된장  쌀국수  1컵,라면류
한결식품 가정용 스팸 NEW,통조림
미소원 새우,냉동식품
 [오늘출발] 온담 프리미엄 우동 93g ,라면류
그린테이블 정통 곡물음료 3박스 증량 (국내산),시리얼/영양바
하루담은  초코  쿠키  2+1,과자/스낵
 온담 프리미엄 홍차 68입 ,과자/스낵
미소원 왕뚜껑 컵라면 2+1,라면류
 온담 허니버터 150g ,과자/스낵
하루담은_국내산 버터 320ml,유제품
 예담원  소고기  덮밥  3인분 ,즉석밥/간편식
온담 오리지널 쿠키 19개입,과자/스낵
오늘의밥상 리뉴얼 파이 8개입,과자/스낵
오늘의밥상  국내산  에너지바  540g,시리얼/영양바
온담_프리미엄 꽁치통조림 12캔,통조림
미소원 딸기 라떼 420ml 2+1,유제품
달래마을  무가당  식혜  24페트,음료
델리코  대용량  라볶이  120g,라면류
본가정성 프리미엄 식혜 3페트,음료
그린테이블 선물용 치즈,유제품
온담  신상품  생수  340ml,음료
포미 리뉴얼 크래커 280g,과자/스낵
청우가 매운 꽁치통조림 6개입,통조림
[1+1] 포미 선물용 카레 660ml NEW,소스/조미료
미소원  슬라이스  치즈  16개입,유제품
예담원 수제 감자칩 210g,과자/스낵
달래마을 가정용 라면 5개입,라면류
하루담은 리뉴얼 돈까스 2봉,냉동식품
 하루담은  소고기  즉석밥  3인분 ,즉석밥/간편식
델리코  저칼로리  곡물음료  1090ml,음료
 미소원 먹태 젤리 21개입 ,과자/스낵
마루한 바삭 스낵 4봉,과자/스낵
[무료배송] 그린테이블 야채 꽁치통조림 8개입,통조림
마루한 오리지널 97g,라면류
산들바람 김치 피자 830g,냉동식품
온담 신상품 식혜 2L,음료
 [행사] 오늘의밥상 실속 쌀국수 94g 기획 ,라면류
 한결식품 실속 생크림 380ml ,유제품
미소원 실속,통조림
하루담은 선물용 라떼 1000g 기획,커피/차
산들바람_정통 생수 1260ml,음료
[무료배송] 포미 리뉴얼 보리차 400ml,커피/차
오늘의밥상 국내산 이온음료 11페트 X3,음료
청우가 정통 요구르트 350ml,유제품
산들바람 리뉴얼 티백 750g,커피/차
청우가 인기 크래커,과자/스낵
 델리코_오리지널 라면 X3 ,라면류
한결식품 블랙 홍차 200g,커피/차
[오늘출발] 그린테이블 콜드브루 홍차 93입 2+1,커피/차
[행사] 하루담은 정통 8개입,통조림
예담원_프리미엄 라면 4컵 X3,라면류
오늘의밥상 인기 기획,커피/차
마루한 대용량 칼국수 110g,라면류
예담원 신상품 마요네즈 420g,소스/조미료
마루한 먹태 치즈스틱 6봉 x2,과자/스낵
달래마을 저지방 연유,유제품
델리코 대용량 에이드 2페트,음료
달래마을  현미  2+1,즉석밥/간편식
한결식품_수제 팝콘 9봉,과자/스낵
그린테이블 저염 카레 210g,소스/조미료
본가정성 가정용 카페라떼 890g,커피/차
하루담은 전복 즉석밥 7개입 (대용량),즉석밥/간편식
 예담원 대용량 92g ,과자/스낵
산들바람 인기 라볶이 3컵 X3,라면류
[1+1] 청우가 그릭 생크림 5개입,과자/스낵
포미 간편 카레 (수입산),즉석밥/간편식
 델리코 선물용 컵라면 2컵 ,라면류
미소원 허니버터 초코바 15개입 (대용량),과자/스낵
청우가  수제  감자칩  130g,과자/스낵
본가정성 선물용 참치캔 x2,통조림
예담원_그릭 생크림 98g,유제품
오늘의밥상 된장 우동 1컵,라면류
 예담원 오리지널 떡볶이 400g 실온보관 (소포장) ,즉석밥/간편식
달래마을 대용량 복숭아통조림,통조림
미소원_가정용 곡물음료 2L,음료
그린테이블 실속 소금 증량,소스/조미료
하루담은  치즈  누룽지  170g  기획,과자/스낵
,과자/스낵
산들바람 정통 홍차 94입,커피/차
하루담은  인기  곡물음료,시리얼/영양바
 온담 고기 치킨너겟 4봉 ,냉동식품
본가정성 얼큰 짜장면 x2,라면류
한결식품 신상품 복숭아통조림 3개입 증량 (수입산),통조림
예담원 오리지널 요거트 210g 2+1 (수입산),유제품
[행사] 델리코 수제 젤리 12봉 2+1,과자/스낵
미소원 그릭 우유 280ml,유제품
본가정성 리뉴얼 스낵 6개입,과자/스낵
델리코_레몬 곡물음료 15페트 기획,음료
그린테이블 가정용 라면 4개입 (소포장),라면류
온담_달콤한 370g,과자/스낵
산들바람 포도 x2,음료
 포미  바삭  치즈스틱  100g ,과자/스낵
마루한 우유 에너지바 10개입,시리얼/영양바
청우가 국내산 케첩 1420ml x2 (대용량),소스/조미료
달래마을 수제 티백 200ml,커피/차
[행사] 달래마을 매운 비빔면 5개입,라면류
예담원  수제  카레  380ml,소스/조미료
 온담 제로 곡물음료 2L ,음료
 청우가  저칼로리  곡물음료  14페트 ,음료
 마루한 정통 꽁치통조림 8개입 ,통조림
예담원  복숭아  곡물음료  1410ml,음료
달래마을 국내산 티백,커피/차
 포미 가정용 1470ml 증량 ,음료
델리코_복숭아 생수 기획,음료
예담원 치즈,냉동식품
 온담 대용량 짜장면 5개입 ,라면류
온담  저염  식초  580ml  NEW,소스/조미료
포미 매운 번데기 4개입,통조림
그린테이블_볶은 홍차,커피/차
예담원 바삭 초코바 10개입 실온보관,과자/스낵
예담원  딸기  팝콘,과자/스낵
온담 리뉴얼 홍차 590g (국내산),소스/조미료
[무료배송] 그린테이블 콜드브루 71입,커피/차
예담원 인기 670ml (대용량),음료
 산들바람_국내산 요구르트 540ml ,유제품
본가정성 수제 쌀국수 110g,라면류
한결식품 양조 소금 540ml,소스/조미료
 청우가 선물용 라면 ,라면류
산들바람_포도 탄산음료,음료
[행사] 오늘의밥상 간편 4인분 NEW,즉석밥/간편식
예담원 실속 생크림 200ml,유제품
[행사] 미소원 불고기 라면 5개입 기획,라면류
 미소원_인기 홍차 260ml ,커피/차
마루한 오리지널 탄산음료 21페트,음료
그린테이블 정통 라떼 83입,커피/차
청우가 수제 크래커,과자/스낵
달래마을  프리미엄  보리차  170g,커피/차
오늘의밥상 인기 보리차 실온보관,커피/차
[행사] 미소원 실속 참치캔 12캔,통조림
마루한 매운 비빔면 140g 실온보관,라면류
하루담은 신상품 식혜 2L 증량,음료
미소원 오리지널 팝콘 14개입,과자/스낵
본가정성_신상품 탄산수,음료
하루담은_오리지널 쌀국수 1컵,라면류
청우가 리뉴얼 짜장면 2컵,라면류
예담원 인기 오트밀 12개입 x2,시리얼/영양바
오늘의밥상 양조 카레 NEW,소스/조미료
델리코 신상품 골뱅이 6개입,유제품
미소원 짜장 비빔면 4컵,라면류
예담원 프리미엄 티백 47입 증량,커피/차
마루한_허니버터 7봉,과자/스낵
 본가정성  달콤한  아메리카노  420ml ,커피/차
산들바람  초코  감자칩  110g,과자/스낵
한결식품 프리미엄,통조림
달래마을 복숭아 곡물음료 200ml,음료
청우가 디카페인 라떼,커피/차
마루한_신상품 탄산수 17페트,음료
청우가 선물용 라볶이 2컵,라면류
델리코 국내산 죽 3인분,즉석밥/간편식
포미_가정용 라면 4컵,커피/차
온담 프리미엄 카레 7포,즉석밥/간편식
포미 국산콩 카레분말 270g,소스/조미료
본가정성 짜장 4개입,라면류
본가정성 가정용 된장 7포,소스/조미료
하루담은 오리지널 믹스커피 42입 (대용량),커피/차
한결식품_신상품 크래커 11봉,과자/스낵
포미  프리미엄  치즈스틱  1봉,냉동식품
오늘의밥상 프로틴 그래놀라 370g,시리얼/영양바
하루담은 매운 카레분말 840ml 실온보관,소스/조미료
오늘의밥상 정통 6개입 x2,과자/스낵
하루담은_국내산 라떼 41입 x2,커피/차
본가정성_저염 카레분말 2포 실온보관,소스/조미료
산들바람  사골  5컵,라면류
미소원 달콤한 누룽지 2봉 실온보관,과자/스낵
산들바람  살코기  옥수수캔  330g,통조림
청우가 가정용 시리얼 600g,시리얼/영양바
본가정성_가정용 웨하스 3봉,과자/스낵
마루한  인기  탄산음료  1L,음료
그린테이블 국산콩 카레 8포,소스/조미료
[무료배송] 델리코 실속 아메리카노,커피/차
청우가  대용량  젤리  38g  실온보관,과자/스낵
[무료배송] 델리코 가정용 누룽지 14개입,과자/스낵
한결식품 짜장 우동 92g,라면류
그린테이블 대용량 치즈스틱 230g,라면류
마루한  인기  짜장밥  1인분,즉석밥/간편식
예담원 치즈 라면 5개입,라면류
온담 신상품 곡물음료 19페트,음료
청우가 프리미엄 그래놀라 10개입,시리얼/영양바
[행사] 하루담은 새우 치즈스틱 440g,냉동식품
산들바람 선물용 라떼 8개입 2+1,유제품
 산들바람 수제 초코바 8봉 ,과자/스낵
미소원 리뉴얼 홍차,커피/차
델리코  정통  아메리카노  50입  NEW,커피/차
[오늘출발] 본가정성 레몬 에이드 1L,음료
한결식품  김치  군만두  1110g,냉동식품
한결식품  프리미엄  라떼  13개입,유제품
포미  레몬  탄산수  1L,음료
그린테이블 햇반 누룽지 10개입 실온보관,즉석밥/간편식
오늘의밥상  수제  치킨너겟  2봉  실온보관,냉동식품
청우가 인기 번데기 기획,라면류
한결식품 대용량 식혜 10페트 2+1,음료
포미 리뉴얼 믹스커피 810g (소포장),커피/차
그린테이블 오리지널 쿠키 증량,과자/스낵
한결식품  딸기  연유  870ml,유제품
미소원 선물용 식초 1220ml,소스/조미료
마루한 신상품 누룽지 1봉,과자/스낵
달래마을 플레인 생크림 680ml x2,유제품
예담원 국산콩 고추장 8포 NEW,소스/조미료
델리코 현미 레토르트 10개입,즉석밥/간편식
오늘의밥상  얼큰  우동  3컵,라면류
온담 신상품 떡볶이 4봉,냉동식품
한결식품 수제 티백 93입,커피/차
한결식품  리뉴얼  요거트  280g,유제품
 그린테이블 저칼로리 곡물음료 22페트 ,음료
포미 블랙 55입,커피/차
마루한_레몬 식혜 15페트,음료
포미 국산콩 카레 9포 NEW,소스/조미료
오늘의밥상 가정용 볶음밥 940g x2,냉동식품
그린테이블 신상품 덮밥 380g,즉석밥/간편식
포미_수제 이온음료 1290ml,음료
[1+1] 본가정성 국내산 14개입,유제품
예담원 대용량 이온음료 16페트 2+1,음료
마루한 리뉴얼 치킨너겟 1봉,냉동식품
하루담은 치즈 라면 120g 2+1,라면류
하루담은 매운 칼국수 3컵,라면류
[무료배송] 델리코 정통 쌀국수 4개입,라면류
미소원  선물용  1봉  X3,냉동식품
델리코 실속 참치캔,통조림
산들바람 인기 짜장면 5개입 실온보관,라면류
[무료배송] 하루담은 얼큰 비빔면 4개입,라면류
산들바람 오리지널 누룽지,과자/스낵
마루한 불고기 카레 1470g 2+1,소스/조미료
[무료배송] 본가정성 수제 고추장,소스/조미료
 마루한 된장 라볶이 1컵 ,라면류
미소원_대용량 참기름,소스/조미료
[1+1] 하루담은 복숭아 곡물음료 880ml,음료
[오늘출발] 포미 가정용 라떼 290g,커피/차
포미 그릭 치즈 790ml,유제품
미소원  오리지널,냉동식품
[1+1] 한결식품 국내산 초코바 3봉 증량,과자/스낵
오늘의밥상 수제 생수 1L 2+1,커피/차
그린테이블 실속 컵라면 1컵,라면류
[행사] 산들바람 살코기 옥수수캔,통조림
 미소원 정통 컵라면 5개입 ,라면류
[행사] 포미 살코기 복숭아통조림 6개입,통조림
 하루담은  왕뚜껑  칼국수  110g  실온보관 ,라면류
포미 블랙 보리차 430ml,커피/차
달래마을 수제 누룽지 2봉,과자/스낵
[오늘출발] 본가정성 저염 된장 3포,소스/조미료
 하루담은 신상품 라떼 7개입 ,유제품
[1+1] 청우가 대용량 주스 19페트,음료
델리코 양조 케첩 1140g,소스/조미료
온담 콜드브루 원두,커피/차
마루한 허니버터 팝콘 실온보관,과자/스낵
 [행사] 예담원 레몬 에이드 210ml x2 ,음료
 달래마을 바삭 웨하스 180g 실온보관 ,과자/스낵
달래마을 프리미엄 케첩 NEW,소스/조미료
한결식품_선물용 치즈스틱 320g,냉동식품
,커피/차
청우가 인기 탄산수 440ml,음료
 포미  김치  쌀국수  5개입  x2 ,라면류
하루담은 매운 5개입 x2 (소포장),라면류
청우가 수제 보리차,커피/차
[행사] 청우가 프리미엄 젤리 18개입,과자/스낵
 그린테이블 오렌지 7페트 x2 ,음료
[행사] 청우가 양조 케첩 1180g,소스/조미료
그린테이블 고기 710g,냉동식품
[무료배송] 마루한 정통 비빔면 4컵 2+1,통조림
마루한 치즈 짜장면 120g x2,라면류
마루한 프리미엄 비빔면 140g 2+1,라면류
포미 실속 꽁치통조림 5개입 (소포장),통조림
본가정성  레몬  1440ml,음료
그린테이블_볶은 라떼 63입,커피/차
 [1+1] 오늘의밥상 인기 홍차 91입 ,커피/차
[무료배송] 온담 리뉴얼 누룽지 52g,과자/스낵
한결식품  오리지널  웨하스  12봉  NEW,과자/스낵
본가정성 신상품 덮밥,즉석밥/간편식
그린테이블 정통 참치캔,통조림
오늘의밥상 그릭 라떼,유제품
 하루담은 정통 카레분말 10포 ,소스/조미료
 미소원 짜장 라볶이 2컵 ,라면류
달래마을 오리지널 700g,소스/조미료
예담원 견과 단백질바 510g,시리얼/영양바
 온담 인기 군만두 ,냉동식품
산들바람_새우 핫도그,냉동식품
본가정성 달콤한 초코바 95g,과자/스낵
마루한 얼큰 우동,라면류
 [오늘출발] 온담 수제 핫도그 19개입 ,냉동식품
델리코_재래식 마요네즈 1270ml 2+1,소스/조미료
청우가  프리미엄  치킨너겟  850g,냉동식품
청우가_불고기 짜장면 3컵,라면류
마루한 오렌지 탄산수 2페트 (국내산),음료
하루담은_매운 복숭아통조림 300g,통조림
온담 무가당 생수 720ml 2+1,음료
산들바람  대용량  우유  기획,유제품
델리코 달콤한 크래커,과자/스낵
[1+1] 하루담은 딸기 생크림 9개입 NEW,유제품
하루담은  인기  국밥  12개입,즉석밥/간편식
 마루한 오리지널 생수 ,음료
[오늘출발] 델리코 복숭아 식혜 5페트,음료
그린테이블 정통 간장 560g,소스/조미료
 한결식품_수제 탄산음료 1L ,음료
한결식품 프로틴 에너지바 11개입 (소포장),시리얼/영양바
미소원_선물용 홍차 x2,커피/차
그린테이블  달콤한  원두  81입  기획,커피/차
포미 실속 라떼 78입 2+1,커피/차
 온담 수제 크래커 x2 ,과자/스낵
미소원  레몬  곡물음료  2L,음료
본가정성 정통 생수,음료
그린테이블 국산 스팸 6개입 (대용량),통조림
[무료배송] 그린테이블 가정용 참치캔 160g,통조림
온담 저칼로리 에이드 (대용량),음료
포미 우유 에너지바 5개입,시리얼/영양바
그린테이블 매운 비빔면 5컵,라면류
 마루한 바삭한 새우튀김 610g ,라면류
[무료배송] 예담원 인기 짜장밥 410g,즉석밥/간편식
[오늘출발] 델리코 콜드브루 홍차,커피/차
 산들바람 프리미엄 3포 ,소스/조미료
 포미 오리지널 복숭아통조림 7캔 ,통조림
 산들바람 무설탕 버터 7개입 (수입산) ,유제품
오늘의밥상  왕  피자  2+1,냉동식품
하루담은 리뉴얼 국밥 7개입,즉석밥/간편식
하루담은  고기  만두,냉동식품
하루담은 가정용 짜장면 (국내산),라면류
청우가 딸기 요구르트 7개입 x2 (수입산),유제품
오늘의밥상  프리미엄  고추장,소스/조미료
하루담은 디카페인 라떼 360ml,커피/차
그린테이블 슬라이스 생크림 4개입 증량,유제품
포미 매운 3개입,통조림
예담원 가정용 라떼 120g,유제품
그린테이블 신상품 요구르트 420g,유제품
본가정성_오리지널 컵라면 140g,라면류
오늘의밥상 치즈 칼국수,라면류
온담 간편 컵밥 220g,즉석밥/간편식
그린테이블_야채 번데기 3캔,통조림
본가정성 인기 곡물음료 15페트,음료
오늘의밥상 리뉴얼 쌀국수 4컵 증량,라면류
달래마을 리뉴얼 쌀국수,라면류
포미 된장 라볶이,라면류
그린테이블_볶은 보리차 950g,커피/차
그린테이블_치즈 쌀국수 100g,냉동식품
포미_복숭아 식혜,음료
한결식품 국내산 팝콘,과자/스낵
[1+1] 미소원 실속 곡물음료 x2,음료
미소원 리뉴얼 짜장면 3컵,라면류
하루담은 대용량 복숭아통조림 증량 (대용량),통조림
그린테이블  복숭아  탄산수,음료
본가정성 실속 우동 2컵,라면류
미소원 실속 아메리카노 72입,커피/차
 하루담은 프리미엄 덮밥 8개입 ,즉석밥/간편식
그린테이블 불고기 간장 1240g,소스/조미료
청우가 가정용 쌀국수 4컵 2+1,라면류
포미 수제 생크림,유제품
한결식품 먹태 팝콘 340g,과자/스낵
온담 인기 카페라떼 370ml,커피/차
예담원 불고기 4개입,라면류
오늘의밥상 수제 NEW,소스/조미료
오늘의밥상 오리지널 치킨너겟 13개입,냉동식품
본가정성 정통 곡물음료 2L,음료
미소원 왕 치즈스틱 3봉 X3,냉동식품
예담원  슬라이스  생크림  240ml,유제품
마루한 오리지널 복숭아통조림 9캔,통조림
예담원 선물용 복숭아통조림 8개입 X3,통조림
 예담원_그릭 생크림 380g 증량 ,유제품
그린테이블  실속  87입  x2,커피/차
마루한  대용량  참기름,소스/조미료
오늘의밥상_디카페인 카페라떼,커피/차
본가정성 오렌지 에이드 증량,음료
달래마을 신상품 라떼,유제품
오늘의밥상 신상품 연유 NEW,유제품
마루한 고소한 카레분말 850g x2,소스/조미료
[오늘출발] 청우가 무설탕 우유,유제품
델리코  대용량  치즈  14개입,유제품
산들바람  선물용  쿠키,과자/스낵
그린테이블  매운  번데기  9캔,통조림
포미_먹태 웨하스 x2,과자/스낵
본가정성  신상품  옥수수캔  9캔  NEW,통조림
하루담은 무가당 탄산수 실온보관,음료
온담_수제 연유 14개입,유제품
하루담은 얼큰 칼국수 4개입 증량 (국내산),라면류
오늘의밥상 실속 라떼 82입,커피/차
하루담은 신상품 새우튀김 18개입 x2,냉동식품
그린테이블 블랙 보리차 620g (대용량),커피/차
[1+1] 미소원 정통 번데기 11캔,통조림
오늘의밥상 재래식 마요네즈 7포 (대용량),소스/조미료
[오늘출발] 예담원 프리미엄 곡물음료 820ml,음료
마루한 실속 복숭아통조림,통조림
미소원 리뉴얼 원두 450g,커피/차
오늘의밥상  국내산  라떼  11개입,유제품
한결식품 오리지널 참치캔 370g,통조림
오늘의밥상 리뉴얼 19개입,냉동식품
청우가 인기 탄산음료 1190ml,음료
오늘의밥상 슬라이스 버터 9개입,유제품
 오늘의밥상 선물용 쌀국수 6컵 ,라면류
그린테이블_정통 칼국수 130g,라면류
그린테이블_인기 오트밀,시리얼/영양바
달래마을_실속 우동 2컵,라면류
 예담원  리뉴얼  원두  620g ,커피/차
[1+1] 미소원 볶은 라떼 510g,커피/차
그린테이블  복숭아  탄산음료  560ml  NEW,음료
산들바람 대용량 라떼 270g,유제품
[1+1] 하루담은 국내산 요거트 240ml 실온보관,유제품
예담원  치즈,과자/스낵
온담 리뉴얼 컵라면 4개입 실온보관,라면류
마루한 신상품 300g,유제품
오늘의밥상 정통 카페라떼 48입 (수입산),커피/차
[1+1] 그린테이블 가공 400ml,유제품
[무료배송] 온담 선물용 간장 2포 NEW,소스/조미료
하루담은 정통 카페라떼 520g,커피/차
[오늘출발] 달래마을 복숭아 곡물음료 2L 실온보관,음료
오늘의밥상 아몬드 오트밀 2박스,시리얼/영양바
예담원 선물용 번데기,통조림
 [1+1] 미소원 인기 연유 2+1 ,유제품
마루한 대용량 카레 1590ml NEW,소스/조미료
델리코 먹태,과자/스낵
산들바람_대용량 짜장밥 410g 2+1,즉석밥/간편식
[행사] 미소원 그릭 요구르트,유제품
포미 볶은 홍차 450ml (수입산),커피/차
오늘의밥상 신상품 오트밀 5개입,시리얼/영양바
오늘의밥상 가정용 골뱅이 기획,통조림
한결식품 포도 주스 920ml,음료
하루담은 수제 라떼 10개입,유제품
 달래마을_된장 라면 130g 기획 ,라면류
본가정성_리뉴얼 생수 21페트 X3,음료
그린테이블_정통 단백질바 12개입,시리얼/영양바
하루담은 국내산 고추장,소스/조미료
산들바람  가정용  칼국수  5개입,라면류
청우가 수제 식초 3포 (소포장),소스/조미료
예담원 간편 390g,즉석밥/간편식
온담 선물용 이온음료 13페트 NEW,음료
포미_우유 라떼,커피/차
포미 신상품 에너지바 2박스,시리얼/영양바
미소원 국산콩 소금 3포,소스/조미료
그린테이블 저염 케첩 1660ml,소스/조미료
달래마을 가공 요거트,유제품
[1+1] 오늘의밥상 슬라이스 생크림 820ml,유제품
산들바람_수제 초코바 6봉,과자/스낵
온담_국내산 쌀국수 4개입,라면류
하루담은 오리지널 피자,냉동식품
온담 플레인 요구르트 12개입,유제품
 예담원  신상품  파이  x2 ,과자/스낵
본가정성  정통  에너지바  8개입,시리얼/영양바
[오늘출발] 산들바람 수제 참치캔 4개입,통조림
미소원 얼큰 칼국수 140g 증량,라면류
 한결식품 실속 누룽지 11개입 (국내산) ,과자/스낵
미소원 불고기 된장 9포,소스/조미료
마루한 사골 우동 실온보관 (소포장),라면류
오늘의밥상 정통,라면류
하루담은  간편  덮밥  3개입,즉석밥/간편식
예담원 새우 만두 1봉,냉동식품
[무료배송] 한결식품 복숭아 에이드,음료
본가정성 리뉴얼 감자칩 18개입,과자/스낵
하루담은 정통 컵라면 4컵,라면류
하루담은 프리미엄 홍차,커피/차
산들바람  실속,음료
미소원  리뉴얼  이온음료  8페트  X3,음료
마루한  리뉴얼  티백  200g,커피/차
달래마을 오리지널 옥수수캔,통조림
한결식품 오리지널 버터 (국내산),유제품
 한결식품 인기 카레분말 8포 2+1 ,소스/조미료
온담 블랙 아메리카노 (소포장),커피/차
마루한 야채 꽁치통조림 130g 2+1,통조림
미소원 오리지널 라떼 270g,유제품
 달래마을 실속 웨하스 24개입 ,과자/스낵
[행사] 포미 초코 팝콘 340g,과자/스낵
오늘의밥상 고소한 참기름 1210g,소스/조미료
청우가 오리지널 치즈스틱 20개입,냉동식품
청우가_가정용 만두 990g 2+1,냉동식품
본가정성 양조 케첩 (대용량),소스/조미료
청우가 리뉴얼 비빔면,라면류
미소원 불고기 핫도그 20개입 x2,냉동식품
포미  햇반  컵밥  500g,즉석밥/간편식
[무료배송] 온담 리뉴얼 오트밀 250g,시리얼/영양바
그린테이블 매운 꽁치통조림 140g,통조림
그린테이블_무설탕 치즈 85g,유제품
하루담은  국내산  곡물음료  340ml  실온보관,음료
미소원 오리지널 누룽지,과자/스낵
델리코 달콤한 초코바,과자/스낵
오늘의밥상 수제 410ml,커피/차
 달래마을  국산  참치캔  3개입 ,통조림
마루한_프리미엄 에이드 1L,음료
 달래마을 매운 쌀국수 4컵 ,라면류
 그린테이블 수제 초코바 11개입 ,과자/스낵
 [오늘출발] 델리코 저염 간장 ,소스/조미료
[오늘출발] 한결식품 불고기 마요네즈 5포,소스/조미료
달래마을 딸기 스낵,과자/스낵
[오늘출발] 본가정성 사골 2컵,라면류
마루한 정통 참치캔 4개입,통조림
달래마을 국내산 곡물음료 15페트,음료
온담 선물용 칼국수,라면류
[무료배송] 온담 리뉴얼 군만두,냉동식품
하루담은  신상품  쌀국수  4컵,과자/스낵
마루한  신상품  260g  NEW,유제품
그린테이블 선물용 식혜 X3,음료
한결식품 된장 짜장면 2컵,라면류
마루한  신상품  라떼  410ml,커피/차
청우가 슬라이스 버터 10개입,유제품
미소원 국내산 고추장 760ml,소스/조미료
델리코 제로 주스 2L,음료
마루한 오리지널 카레,소스/조미료
본가정성 프리미엄 곡물음료 8페트 (수입산),음료
[1+1] 본가정성 매운 간장 1800ml NEW,소스/조미료
포미 레몬 탄산수,음료
하루담은  왕  돈까스  15개입,냉동식품
델리코 선물용 쌀국수 6컵,라면류
달래마을 무설탕 치즈 x2,유제품
하루담은 야채 옥수수캔 11캔 2+1,통조림
[오늘출발] 포미 달콤한 스낵 18개입 NEW,과자/스낵
 예담원 딸기 라떼 ,유제품
하루담은  달콤한  감자칩  190g,과자/스낵
미소원 김치 칼국수,라면류
하루담은 초코 200g (소포장),과자/스낵
한결식품 실속 치즈스틱 증량,과자/스낵
온담 대용량 130g,라면류
 예담원 고기 만두 ,냉동식품
[오늘출발] 예담원 대용량 꽁치통조림 6개입,통조림
예담원 살코기 꽁치통조림 3캔,통조림
달래마을  매운  복숭아통조림,통조림
달래마을 가공 라떼,유제품
본가정성_수제 떡볶이 12개입,냉동식품
 오늘의밥상  국내산  치즈  7개입 ,유제품
[1+1] 그린테이블 살코기 꽁치통조림 110g,통조림
달래마을 된장 짜장면 6컵 기획 (대용량),라면류
예담원  대용량  칼국수  4개입,라면류
 델리코 짜장 우동 ,라면류
미소원_가정용 번데기 11캔,통조림
오늘의밥상_대용량 라볶이 4컵,라면류
포미 달콤한 웨하스 280g,과자/스낵
그린테이블 수제 크래커 18개입 NEW,과자/스낵
 [1+1] 그린테이블 국내산 녹차 ,커피/차
그린테이블 무설탕 요거트 7개입,유제품
예담원 콜드브루 보리차,커피/차
 델리코  제로  주스  2L ,음료
오늘의밥상 신상품 홍차 88입,커피/차
하루담은  신상품  버터  360ml  증량,유제품
[오늘출발] 오늘의밥상 오리지널 4개입,통조림
예담원 치즈 96g 기획,라면류
청우가 수제 카레 520ml,소스/조미료
한결식품 선물용 스낵 270g (국내산),과자/스낵
 온담 수제 누룽지 500g ,즉석밥/간편식
그린테이블 선물용 믹스커피 460ml,커피/차
하루담은  국내산  감자칩  17개입,과자/스낵
달래마을 리뉴얼 쌀국수 NEW,라면류
오늘의밥상 불고기,소스/조미료
미소원 프리미엄 아메리카노 530g,커피/차
청우가 살코기 골뱅이 240g,통조림
그린테이블 정통,통조림
한결식품  복숭아  탄산수  1L,음료
달래마을 대용량 컵라면 2컵,라면류
그린테이블_스틱 라떼 390g,커피/차
그린테이블 저지방 라떼 13개입 2+1,유제품
델리코 가정용 고추장 7포,소스/조미료
하루담은  프리미엄  우동  4개입,라면류
본가정성 오리지널 치즈스틱 14개입,과자/스낵
오늘의밥상  신상품  케첩  360g,소스/조미료
하루담은 재래식 마요네즈 NEW,소스/조미료
오늘의밥상_매운 마요네즈,소스/조미료
오늘의밥상 신상품 탄산음료 6페트,음료
하루담은 수제 핫도그 2봉,냉동식품
한결식품  먹태  감자칩  15개입,과자/스낵
그린테이블 바삭한 새우튀김 640g,냉동식품
한결식품 실속 라떼 27입,커피/차
미소원_프리미엄 아메리카노,커피/차
본가정성 선물용 비빔면 130g,라면류
그린테이블 신상품 4인분,즉석밥/간편식
오늘의밥상 정통 원두,커피/차
마루한 신상품 그래놀라 증량,시리얼/영양바
 포미 포도 주스 1페트 ,음료
 [오늘출발] 한결식품 오리지널 번데기 NEW ,통조림
한결식품  야채  참치캔  x2,통조림
 델리코_인기 아메리카노 증량 ,커피/차
그린테이블 치즈 감자칩 19개입,과자/스낵
[무료배송] 마루한 가공 연유 14개입,유제품
마루한 리뉴얼 라면 6컵,라면류
 한결식품 된장 짜장면 110g (국내산) ,라면류
 [오늘출발] 미소원 인기 복숭아통조림 11캔 ,소스/조미료
마루한 선물용 치즈스틱 11개입 x2,즉석밥/간편식
산들바람 살코기 번데기 9캔,통조림
미소원 매운 마요네즈,소스/조미료
 미소원 레몬 생수 ,음료
[오늘출발] 본가정성 매운 카레분말 1580ml,소스/조미료
마루한 프리미엄 골뱅이 110g 실온보관,통조림
 하루담은 플레인 요구르트 130g ,유제품
 한결식품_가정용 믹스커피 ,커피/차
포미 프리미엄 카레,소스/조미료
그린테이블 치즈 비빔면 4컵,라면류
마루한 실속 팝콘 24개입,과자/스낵
하루담은 실속 곡물음료 10페트,음료
그린테이블_불고기 우동 120g,라면류
델리코_오리지널 에이드 17페트,음료
산들바람  신상품,커피/차
본가정성  인기  초코바  160g  x2,과자/스낵
포미 국내산 골뱅이,통조림
온담 인기 새우튀김 13개입,냉동식품
마루한 재래식 고추장 1630ml NEW,소스/조미료
청우가 실속 크래커 49g,과자/스낵
온담 프리미엄 탄산음료 2페트,음료
그린테이블  신상품  콘프레이크  12개입,시리얼/영양바
[무료배송] 본가정성 오리지널 원두 2+1,커피/차
델리코 저칼로리 24페트,음료
청우가 수제 마요네즈 8포,소스/조미료
온담 선물용 골뱅이 실온보관,통조림
달래마을 대용량 탄산수 20페트 기획,음료
산들바람 김치 짜장면 3컵,라면류
포미  인기,커피/차
그린테이블 복숭아 에이드,음료
한결식품_프리미엄 콘프레이크,시리얼/영양바
포미 무가당 이온음료 15페트 X3,음료
마루한 불고기 마요네즈,소스/조미료
마루한  대용량  요거트  5개입,냉동식품
 하루담은 대용량 라볶이 4개입 ,라면류
하루담은  고기  떡볶이  10개입,냉동식품
하루담은_국산 옥수수캔 8개입,통조림
산들바람 인기 주스 1L,음료
본가정성 정통 치즈스틱,과자/스낵
[오늘출발] 온담 리뉴얼 홍차 390ml,커피/차
하루담은 인기 라떼 250g x2,커피/차
한결식품 인기 주스 23페트 NEW,음료
 산들바람 치즈 만두 14개입 ,냉동식품
마루한 바삭한 피자 390g,냉동식품
미소원 스틱 티백 100입,커피/차
오늘의밥상 오리지널 크래커 11봉,과자/스낵
하루담은  살코기  골뱅이  실온보관,통조림
 예담원  수제  녹차  760g ,커피/차
본가정성  선물용  라떼  420ml,커피/차
한결식품_불고기 치즈스틱 12개입 기획,냉동식품
마루한_국산 참치캔 300g,통조림
청우가 국내산 크래커 2+1,과자/스낵
예담원 실속 카레 1190ml (국내산),소스/조미료
 오늘의밥상 실속 크래커 72g x2 ,과자/스낵
한결식품 매콤 즉석밥,즉석밥/간편식
온담 인기 이온음료 9페트,음료
하루담은 인기 버터 9개입,유제품
 본가정성  인기  곡물음료  350ml  2+1 ,음료
청우가 인기 생수 260ml,음료
델리코 정통 1컵 기획,라면류
달래마을 왕뚜껑 쌀국수 5컵,라면류
[1+1] 산들바람 딸기 치즈스틱 310g,과자/스낵
한결식품 실속 감자칩 8봉,과자/스낵
그린테이블 3분 누룽지 실온보관,즉석밥/간편식
달래마을 저염 카레분말,소스/조미료
온담 프리미엄 쌀국수,라면류
한결식품  국내산  카페라떼  76입,커피/차
온담 초코 곡물음료 350g,시리얼/영양바
청우가 저칼로리 주스,음료
 본가정성 김치 칼국수 130g ,라면류
한결식품 그릭 생크림,유제품
델리코  실속  카페라떼,커피/차
예담원 치즈 x2,라면류
예담원  정통  쌀국수  130g,라면류
델리코 인기 에이드,커피/차
[행사] 포미 살코기 복숭아통조림 6개입,통조림
청우가  수제  아메리카노  830g  NEW,커피/차
미소원 레몬 곡물음료,음료
[오늘출발] 델리코 오리지널 골뱅이 NEW,통조림
달래마을 실속 컵밥 240g 증량,즉석밥/간편식
 예담원 수제 버터 960ml (수입산) ,유제품
 델리코  실속 ,과자/스낵
한결식품_블랙 79입,커피/차
달래마을 선물용 감자칩 8봉 X3,과자/스낵
산들바람_치즈 우동 4컵,라면류
예담원 국내산 쌀국수 실온보관,라면류
델리코  리뉴얼  2인분  x2,즉석밥/간편식
예담원 국내산 홍차 49입,커피/차
청우가 저염 카레분말 400ml,소스/조미료
본가정성  리뉴얼  짜장면,라면류
포미  콜드브루  카페라떼  82입,커피/차
미소원  오리지널  스낵  10봉  실온보관,과자/스낵
산들바람_저염 된장 1120ml 실온보관,소스/조미료
미소원 딸기 380g,유제품
오늘의밥상 리뉴얼 카레 1370g,소스/조미료
델리코 수제 에이드 1L,음료
델리코 스틱 녹차 (국내산),커피/차
한결식품_매운 참기름 10포,소스/조미료
델리코 리뉴얼 쿠키 2+1,과자/스낵
 델리코 얼큰 우동 5개입 ,라면류
그린테이블 딸기,과자/스낵
온담_재래식 소금 1450g NEW,소스/조미료
오늘의밥상 가공 버터 89g,유제품
청우가 신상품 아메리카노 28입,커피/차
하루담은 실속 골뱅이 4캔,통조림
청우가 프로틴 그래놀라 11개입,시리얼/영양바
 [오늘출발] 달래마을 바삭 누룽지 40g ,과자/스낵
[무료배송] 델리코 플레인 연유 930ml 2+1,유제품
 델리코  바삭한  볶음밥  2봉 ,냉동식품
[1+1] 한결식품 프리미엄 쌀국수 90g,라면류
마루한_오리지널 요구르트 360ml,유제품
마루한 고추 복숭아통조림 220g,통조림
미소원 프리미엄 즉석밥 (대용량),즉석밥/간편식
포미 대용량 생수 4페트 2+1,음료
청우가 신상품 치킨너겟 4봉 (소포장),냉동식품
산들바람_매운 고추장 1250g,소스/조미료
 포미  허니버터  치즈스틱  330g ,과자/스낵
[1+1] 달래마을 오리지널 누룽지 280g,즉석밥/간편식
산들바람 볶은 라떼,커피/차
[무료배송] 오늘의밥상 수제 우동 1컵 NEW,라면류
마루한 오리지널 이온음료 2L,음료
 달래마을  저칼로리  680ml ,음료
미소원 왕뚜껑 라면 6컵,라면류
미소원_저칼로리 870ml,유제품
[무료배송] 마루한 리뉴얼 4개입,라면류
그린테이블_불고기 식초 450g,소스/조미료
마루한  저칼로리  탄산수  190ml,음료
하루담은  고소한  카레  5포  x2,소스/조미료
그린테이블_프리미엄 탄산음료 560ml 2+1,음료
포미 선물용 젤리,과자/스낵
예담원 전복 4인분 NEW,즉석밥/간편식
청우가 수제 카페라떼 x2,커피/차
온담  오렌지  주스  1400ml,음료
미소원 햇반 덮밥,즉석밥/간편식
 청우가 실속 초코바 ,과자/스낵
델리코 얼큰 라면 5개입,라면류
미소원 오리지널 스팸 12캔 (수입산),통조림
한결식품_수제 주스,음료
 본가정성_해물 우동 130g ,라면류
예담원  대용량  컵밥  4인분,즉석밥/간편식
[무료배송] 온담 제로 에이드 1960ml 2+1,음료
포미 바삭 스낵 1봉 NEW,과자/스낵
마루한 정통 10포,소스/조미료
마루한 리뉴얼 라볶이 110g,라면류
청우가 초코,과자/스낵
[행사] 온담 무설탕 610ml,유제품
[오늘출발] 델리코 선물용 스팸 7캔,통조림
본가정성  제로  생수,음료
 한결식품 오리지널 스낵 ,과자/스낵
온담 포도 이온음료 1320ml,음료
 본가정성 선물용 꽁치통조림 380g 증량 ,통조림
델리코 포도 곡물음료 840ml,음료
달래마을  치즈  우동,라면류
 미소원  매운  2포 ,소스/조미료
하루담은 얼큰 칼국수,라면류
델리코_인기 곡물음료 9개입 증량,시리얼/영양바
온담 신상품 초코바 x2,과자/스낵
달래마을 디카페인 보리차 100입 기획 (대용량),커피/차
한결식품 고추 번데기,통조림
그린테이블 국내산 옥수수캔 5개입 (대용량),냉동식품
한결식품 선물용 케첩 10포 (국내산),소스/조미료
 [무료배송] 마루한 신상품 고추장 1740ml ,소스/조미료
하루담은 무가당 840ml 증량,음료
[행사] 포미 인기 이온음료,음료
 [오늘출발] 델리코 대용량 짜장밥 ,즉석밥/간편식
[무료배송] 포미 신상품 우유,유제품
 [오늘출발] 산들바람 리뉴얼 4개입 ,라면류
한결식품 가정용 새우튀김 1050g,냉동식품
온담  매운  된장,소스/조미료
하루담은 선물용 덮밥 1인분 (국내산),즉석밥/간편식
청우가 정통 파이 11봉,과자/스낵
산들바람 매운 칼국수 5개입,라면류
본가정성 무설탕 라떼 430g,유제품
청우가_사골 우동 91g,라면류
산들바람 국내산 주스 15페트,음료
한결식품 리뉴얼 치즈 330ml (소포장),유제품
포미_초코 팝콘 150g,과자/스낵
미소원  정통  군만두  실온보관,냉동식품
 포미 대용량 원두 ,커피/차
한결식품_수제 비빔면,라면류
온담  리뉴얼  비빔면  4컵,라면류
한결식품  불고기  군만두  530g,냉동식품
포미 우유 곡물음료 680g,시리얼/영양바
포미 짜장 칼국수 2컵,라면류
달래마을 실속 우동 3컵,라면류
그린테이블 대용량 8개입 NEW (국내산),유제품
그린테이블 신상품 우동 4개입,라면류
본가정성  리뉴얼  탄산수,음료
예담원_리뉴얼 옥수수캔 190g,통조림
달래마을 매운 옥수수캔 8캔 (국내산),통조림
하루담은  인기  칼국수  2컵,라면류
오늘의밥상 가정용 티백,커피/차
하루담은_해물 우동,라면류
오늘의밥상 프리미엄 젤리 290g,과자/스낵
산들바람 신상품 꽁치통조림 7캔,통조림
오늘의밥상_국내산,냉동식품
한결식품 가정용 꽁치통조림,통조림
 청우가_수제 ,커피/차
그린테이블 무가당 주스 17페트 NEW,음료
산들바람_무가당 이온음료 7페트,소스/조미료
델리코 오리지널 웨하스 140g 실온보관,과자/스낵
포미 대용량 탄산수,음료
하루담은 선물용 92입 (국내산),커피/차
마루한  볶은,커피/차
본가정성  플레인  버터  실온보관,유제품
[1+1] 하루담은 저칼로리 곡물음료 1L,음료
본가정성 정통 330g,냉동식품
[무료배송] 미소원 인기 파이,과자/스낵
포미 프리미엄 팝콘 3봉 증량,과자/스낵
[무료배송] 예담원 가정용 된장 실온보관,소스/조미료
오늘의밥상  불고기  우동  1컵,라면류
예담원 디카페인 원두,커피/차
[1+1] 오늘의밥상 우유 62입,커피/차
하루담은 고추 참치캔 7개입,통조림
 달래마을  수제 ,라면류
[오늘출발] 본가정성 무설탕 160g,유제품
달래마을 인기 고추장,소스/조미료
본가정성 국내산 치즈스틱 24개입 (소포장),과자/스낵
달래마을 레몬 탄산음료 6페트,음료
예담원 무설탕 우유 5개입 x2 (소포장),유제품
[1+1] 마루한 레몬 1L,음료
온담 바삭 누룽지 11봉 X3,과자/스낵
달래마을_저염 케첩,소스/조미료
델리코 달콤한 젤리 12개입 (소포장),과자/스낵
미소원 그릭 라떼,유제품
오늘의밥상 레몬 1610ml,음료
미소원 소고기 레토르트,즉석밥/간편식
델리코 레몬 곡물음료 1600ml,음료
오늘의밥상 가정용 단백질바 3박스 (소포장),시리얼/영양바
그린테이블_달콤한 젤리 4봉,과자/스낵
 산들바람 달콤한 녹차 64입 ,커피/차
온담 포도 식혜 1240ml 2+1 (소포장),음료
예담원 실속 번데기 X3 (국내산),통조림
한결식품 저지방 요구르트 720ml (수입산),유제품
 하루담은 프리미엄 라떼 ,유제품
마루한  신상품  라면  100g,라면류
오늘의밥상 우유 곡물음료 420g,시리얼/영양바
그린테이블_인기 요구르트,유제품
달래마을 대용량 꽁치통조림 5개입,통조림
델리코 정통 스낵 4봉,과자/스낵
하루담은 제로 곡물음료 12페트,음료
온담 제로 탄산수 1L,음료
그린테이블 오렌지 생수,음료
청우가 실속 380g,과자/스낵
 청우가 인기 x2 ,즉석밥/간편식
그린테이블_프리미엄 보리차 44입,커피/차
마루한_인기 생수 2L,음료
예담원 리뉴얼 1L,음료
한결식품  저염  식초  2포,소스/조미료
미소원 정통 참치캔 8개입,통조림
포미 오리지널 비빔면 1컵,라면류
[오늘출발] 청우가 신상품 식혜 1L,음료
[무료배송] 한결식품 딸기 치즈 970ml,유제품
산들바람  오리지널  310ml,소스/조미료
산들바람_프리미엄 곡물음료 14페트,음료
델리코_슬라이스 우유 13개입,유제품
 산들바람 리뉴얼 새우튀김 2봉 ,냉동식품
마루한_디카페인 라떼 260g x2,커피/차
예담원 실속 새우튀김 630g,냉동식품
하루담은 제로 곡물음료 1L,음료
포미  블랙  원두  440ml,커피/차
 청우가 정통 240g 기획 ,통조림
미소원 저지방 버터 7개입 (국내산),과자/스낵
 델리코 플레인 요구르트 240ml ,유제품
하루담은 리뉴얼 생크림 15개입,유제품
 마루한 새우 3봉 X3 (수입산) ,냉동식품
오늘의밥상  매운  짜장면  기획,라면류
하루담은 치즈 새우튀김 15개입,냉동식품
청우가  프리미엄  스팸  380g,통조림
 그린테이블 소고기 ,즉석밥/간편식
산들바람 치즈 칼국수,라면류
한결식품  인기  440g  기획,유제품
 달래마을  인기  참기름  1280ml ,소스/조미료
오늘의밥상 플레인 치즈 9개입 기획,유제품
온담 매운 카레 420g,소스/조미료
예담원_실속 참기름 8포,소스/조미료
산들바람  야채  옥수수캔  11캔,통조림
하루담은_딸기 감자칩 18개입,과자/스낵
그린테이블  국내산  골뱅이  NEW,통조림
청우가 리뉴얼 녹차 320ml,커피/차
마루한  김치  라면  5개입,라면류
오늘의밥상 치즈 웨하스 (소포장),과자/스낵
 그린테이블_국내산 에이드 20페트 ,음료
온담 복숭아 곡물음료 2L,음료
[행사] 그린테이블 저지방 100g,유제품
본가정성  가정용  감자칩  280g,과자/스낵
산들바람_선물용 1L,음료
오늘의밥상 김치 핫도그 12개입,냉동식품
본가정성 오렌지 생수,음료
 청우가  실속  간장  1060g ,소스/조미료
하루담은  국내산  팝콘,과자/스낵
달래마을 불고기 쌀국수 4컵 (수입산),라면류
달래마을  된장  비빔면  5컵  NEW,라면류
산들바람  불고기  카레  600g,소스/조미료
청우가 매운 복숭아통조림 증량,통조림
예담원 정통 단백질바 1박스 실온보관 (수입산),시리얼/영양바
포미 국내산 우동 6컵 (국내산),라면류
[오늘출발] 산들바람 정통 컵라면 2컵,라면류
산들바람_실속 크래커,과자/스낵
포미_국내산 생크림 190ml,유제품
마루한 가정용 식초 3포,소스/조미료
마루한 정통 비빔면 5개입 (대용량),라면류
하루담은  인기  곡물음료  2L,음료
오늘의밥상 딸기 요거트 16개입,유제품
미소원  국내산  쌀국수  92g,라면류
 온담 초코 웨하스 260g ,소스/조미료
 본가정성  프리미엄  버터  증량 ,시리얼/영양바
그린테이블 정통 카레,소스/조미료
본가정성 고추 스팸,통조림
산들바람 스틱 420ml,커피/차
본가정성  야채  복숭아통조림  6캔,통조림
오늘의밥상 선물용 콘프레이크 750g,시리얼/영양바
[행사] 마루한 새우 치즈스틱,냉동식품
포미 대용량 칼국수,라면류
 델리코_정통 ,커피/차
달래마을 오리지널 스팸 7개입,통조림
미소원_스틱 카페라떼 770g,커피/차
한결식품 대용량 치즈스틱 (국내산),과자/스낵
 오늘의밥상  수제  곡물음료 ,음료
달래마을 정통 곡물음료 11개입,시리얼/영양바
델리코 인기 파이 4봉,과자/스낵
[행사] 포미 디카페인 카페라떼 240ml,커피/차
청우가 가공 요구르트,유제품
산들바람_플레인 우유 7개입,유제품
하루담은 인기 누룽지 340g x2,즉석밥/간편식
[오늘출발] 하루담은 오리지널 곡물음료 17페트 증량,음료
청우가 프리미엄 버터 130g,유제품
본가정성 대용량 케첩 1170ml,소스/조미료
오늘의밥상_슬라이스 연유,유제품
 포미 신상품 카레 2포 ,소스/조미료
그린테이블 인기 카페라떼 300g,커피/차
마루한 가정용 라떼,유제품
[오늘출발] 달래마을 실속 라떼 220ml,커피/차
마루한 치즈 초코바,과자/스낵
오늘의밥상 가정용 믹스커피 350ml,커피/차
한결식품 오리지널 요구르트 7개입 증량,유제품
미소원 초코 7개입 x2,과자/스낵
달래마을  선물용  녹차  2+1,커피/차
본가정성  국내산,음료
마루한 먹태 크래커,과자/스낵
[오늘출발] 달래마을 무가당 이온음료 1L,음료
한결식품 고기 피자 960g,냉동식품
 온담_리뉴얼 초코바 ,과자/스낵
산들바람_해물,라면류
[행사] 미소원 리뉴얼 옥수수캔,통조림
그린테이블 정통 라떼 290ml,유제품
온담 볶은 카페라떼 930g,커피/차
본가정성 리뉴얼 간장 1010ml,소스/조미료
포미 해물 라면,라면류
[1+1] 델리코 슬라이스 라떼 420g,유제품
오늘의밥상 오리지널 팝콘,과자/스낵
오늘의밥상 국내산 핫도그 480g,냉동식품
하루담은 리뉴얼 탄산수 17페트,음료
미소원_신상품 62g,과자/스낵
[행사] 마루한 국산콩 케첩 6포,소스/조미료
[1+1] 달래마을 제로 탄산수 590ml,음료
포미  정통  옥수수캔,통조림
 [오늘출발] 미소원 프리미엄 칼국수 5개입 ,라면류
[행사] 산들바람 가정용 칼국수 4개입,라면류
델리코  오리지널  생수,음료
한결식품 정통 티백 350ml,즉석밥/간편식
포미 왕 새우튀김 NEW (대용량),냉동식품
[1+1] 한결식품 리뉴얼 요구르트 180ml,유제품
달래마을 스틱 라떼 44입 실온보관 (국내산),커피/차
 [1+1] 델리코 무설탕 버터 550ml ,유제품
포미 선물용 에이드 X3,음료
[무료배송] 마루한 선물용 컵라면 95g 실온보관,라면류
 [행사] 청우가 인기 탄산수 2L ,음료
[행사] 마루한 불고기 볶음밥,냉동식품
마루한 국내산 480g,즉석밥/간편식
 그린테이블 대용량 110g x2 ,라면류
 청우가  초코  곡물음료  2박스 ,시리얼/영양바
예담원 김치 컵라면 4개입,라면류
[행사] 예담원 저지방 라떼 15개입,유제품
오늘의밥상 고기 돈까스 4봉 증량,냉동식품
산들바람 국내산,음료
[1+1] 마루한 매운 번데기 6개입,통조림
하루담은_인기 스팸,통조림
 본가정성  오리지널  고추장  1390g ,소스/조미료
델리코_선물용 탄산수,음료
온담  무가당,음료
그린테이블  리뉴얼  된장,소스/조미료
미소원 인기 홍차 790g,커피/차
청우가 가정용 국밥 360g 2+1,즉석밥/간편식
청우가 수제 젤리,과자/스낵
산들바람 무설탕 생크림 12개입 2+1,유제품
산들바람 수제 크래커 130g,과자/스낵
한결식품 국내산 치즈스틱 190g NEW,과자/스낵
그린테이블 국내산 쿠키 X3 (국내산),과자/스낵
미소원_국산콩 카레 3포,소스/조미료
 오늘의밥상 신상품 마요네즈 1120ml (수입산) ,소스/조미료
달래마을 오리지널 카레 1600ml,소스/조미료
온담  저지방  치즈  12개입,유제품
 포미 오리지널 쌀국수 98g 실온보관 ,라면류
[무료배송] 청우가 가정용 우유 260g,유제품
산들바람 국내산 아메리카노 440ml,커피/차
 델리코 선물용 감자칩 ,과자/스낵
달래마을 딸기 라떼 400ml x2,유제품
포미 신상품 카레 X3,소스/조미료
달래마을 매운 7개입,통조림
산들바람  정통  390g,유제품
산들바람 저염 참기름 1140ml,소스/조미료
산들바람 김치 볶음밥,냉동식품
산들바람 대용량 크래커 15개입 (수입산),과자/스낵
온담 대용량 컵라면 4컵 증량,라면류
마루한  해물  비빔면  140g,라면류
포미 인기 88입 (대용량),커피/차
 미소원 소고기 누룽지 2인분 기획 ,즉석밥/간편식
본가정성 프리미엄 쌀국수 4개입 (대용량),라면류
한결식품_오리지널 참치캔 8개입,통조림
[무료배송] 포미 딸기 버터 4개입,유제품
본가정성_국내산 죽 220g 증량,즉석밥/간편식
 청우가 정통 짜장면 4개입 ,라면류
산들바람 신상품 라떼 (소포장),커피/차
[무료배송] 한결식품 국내산 떡볶이 16개입 2+1,냉동식품
한결식품  매운  비빔면  130g,라면류
오늘의밥상 오리지널 옥수수캔 7캔,통조림
델리코 신상품 1봉,냉동식품
하루담은 초코 크래커 9봉,과자/스낵
온담  오리지널  에이드,음료
마루한 오리지널 컵라면,라면류
미소원_국산콩 된장 5포,소스/조미료
온담 실속 국밥,즉석밥/간편식
포미 볶은 홍차 810g 실온보관,커피/차
예담원_스틱 라떼 74입,커피/차
본가정성 콜드브루 홍차,커피/차
한결식품 오리지널 누룽지 11개입,과자/스낵
[행사] 오늘의밥상 바삭 누룽지,과자/스낵
[행사] 예담원 달콤한 초코바 3봉 실온보관,과자/스낵
[무료배송] 하루담은 얼큰 라볶이 X3,라면류
 [무료배송] 미소원 수제 크래커 350g ,과자/스낵
청우가 프리미엄 탄산음료 2L x2,음료
한결식품 프리미엄 크래커 240g,과자/스낵
그린테이블 먹태 쿠키 9개입,과자/스낵
하루담은 국내산 덮밥,즉석밥/간편식
 산들바람 대용량 간장 390ml x2 ,소스/조미료
포미 치즈 만두 14개입,냉동식품
예담원 대용량 번데기 8개입,통조림
오늘의밥상 된장 120g,라면류
[무료배송] 산들바람 오리지널 피자 580g,냉동식품
마루한 수제 우동,라면류
 그린테이블 딸기 요구르트 240g ,유제품
본가정성 무가당 에이드 2L,음료
청우가  치즈  팝콘  100g,과자/스낵
본가정성 치즈 팝콘 5봉 (대용량),과자/스낵
[무료배송] 청우가 실속 믹스커피 460ml,커피/차
 델리코 수제 단백질바 680g 2+1 ,시리얼/영양바
 하루담은 정통 참치캔 4개입 (대용량) ,통조림
본가정성 수제 기획,유제품
오늘의밥상  대용량  덮밥  2인분  X3,즉석밥/간편식
[행사] 청우가 수제 감자칩 11봉 NEW,과자/스낵
[무료배송] 산들바람 오렌지 곡물음료 2L,음료
마루한 불고기 간장 1290g,소스/조미료
하루담은_달콤한 치즈스틱 6봉,과자/스낵
미소원 매운 우동 1컵,라면류
산들바람_선물용 누룽지 11봉,과자/스낵
 포미 된장 칼국수 5개입 ,라면류
예담원 프리미엄 컵라면 2+1,라면류
그린테이블 치즈 크래커 2봉 (국내산),과자/스낵
오늘의밥상 바삭한 군만두 20개입 기획,냉동식품
 하루담은 리뉴얼 된장 ,소스/조미료
산들바람_국내산 짜장면,라면류
미소원 선물용 피자 440g,냉동식품
그린테이블 수제 18개입 (대용량),과자/스낵
미소원  바삭  크래커  370g,과자/스낵
미소원 리뉴얼 에이드 1L,시리얼/영양바
산들바람 복숭아 식혜 1270ml x2,음료
그린테이블  오리지널  12개입  2+1,즉석밥/간편식
오늘의밥상 리뉴얼 카레 450g,소스/조미료
본가정성 인기 칼국수 110g,라면류
예담원_대용량 감자칩 110g,과자/스낵
마루한 인기 케첩 9포,소스/조미료
달래마을 신상품 쿠키 12봉,과자/스낵
온담 바삭 19개입 (소포장),과자/스낵
오늘의밥상  된장  라면  110g  x2,라면류
하루담은_대용량 칼국수 4컵,라면류
오늘의밥상 무설탕 단백질바 810g X3,시리얼/영양바
오늘의밥상  짜장  91g,라면류
하루담은  프리미엄  골뱅이  3개입,통조림
델리코 실속 컵라면 5개입 증량,라면류
[무료배송] 산들바람 사골 비빔면,라면류
 그린테이블_국내산 탄산음료 2L ,음료
오늘의밥상_레몬 탄산수 1080ml,음료
예담원  리뉴얼  라떼  84입,커피/차
달래마을 전복,즉석밥/간편식
한결식품  정통  곡물음료  1050ml  실온보관,음료
[무료배송] 오늘의밥상 가공 버터,유제품
본가정성 선물용 팝콘 380g,음료
마루한  블랙  티백  230ml,커피/차
포미 인기 아메리카노 35입 실온보관,커피/차
하루담은 불고기 새우튀김 590g,냉동식품
예담원 선물용 믹스커피 370ml,커피/차
포미 포도 곡물음료 기획,라면류
마루한_살코기 옥수수캔 8캔,통조림
오늘의밥상 달콤한 카페라떼 30입,커피/차
[행사] 예담원 불고기 케첩 7포,소스/조미료
본가정성 치즈 감자칩 160g (수입산),과자/스낵
[행사] 온담 정통 피자 1040g,냉동식품
[오늘출발] 산들바람 가정용 녹차 32입,커피/차
[1+1] 포미 실속 복숭아통조림,통조림
 미소원  달콤한  보리차  310ml ,커피/차
오늘의밥상 정통 쌀국수,라면류
온담 스틱 아메리카노 960g x2,커피/차
마루한 대용량 8봉,과자/스낵
하루담은 인기 주스 6페트,음료
포미  신상품  3봉  기획,냉동식품
마루한  리뉴얼  칼국수  6컵,라면류
[무료배송] 미소원 대용량,통조림
산들바람_신상품 라면,라면류
[1+1] 본가정성 수제 골뱅이,통조림
산들바람 가공 우유 600ml,유제품
온담 그릭 치즈,유제품
오늘의밥상 선물용 웨하스 8개입 실온보관,과자/스낵
[오늘출발] 산들바람 대용량 간장 2포 X3,소스/조미료
청우가 리뉴얼 칼국수 NEW,라면류
청우가 선물용 360g,즉석밥/간편식
하루담은 우유 원두 49입,커피/차
오늘의밥상  오리지널  꽁치통조림  7캔,시리얼/영양바
산들바람  실속  치즈  270ml,유제품
하루담은 국산콩 마요네즈 2포,소스/조미료
하루담은 콜드브루 홍차 720g,커피/차
 청우가 대용량 치즈스틱 880g ,냉동식품
 [행사] 오늘의밥상 달콤한 라떼 28입 ,커피/차
오늘의밥상_국내산 떡볶이 640g,냉동식품
 청우가 달콤한 감자칩 ,과자/스낵
미소원 바삭 치즈스틱 12봉 실온보관,과자/스낵
오늘의밥상 국산 참치캔 8캔,통조림
미소원 햇반 480g,즉석밥/간편식
 온담 양조 식초 4포 ,소스/조미료
델리코 바삭 젤리 10봉,과자/스낵
예담원 선물용 믹스커피 360ml,커피/차
[무료배송] 청우가 매운 칼국수 실온보관,라면류
달래마을_치즈 우동 3컵,라면류
마루한 달콤한 파이 22개입,과자/스낵
 본가정성  소고기  떡볶이  360g ,즉석밥/간편식
청우가 인기 그래놀라 3박스 x2,시리얼/영양바
마루한 해물 우동 (소포장),라면류
포미 오리지널 컵라면 98g 기획,라면류
그린테이블  그릭  연유  900ml,유제품
[1+1] 달래마을 치즈 2컵 NEW,라면류
한결식품 리뉴얼 (국내산),통조림
청우가_가정용 라떼 81g NEW,유제품
예담원 오리지널 스팸 4캔,통조림
달래마을 정통 1900ml,음료
달래마을_프리미엄 원두 620g 기획,커피/차
 달래마을 인기 돈까스 1060g x2 ,냉동식품
예담원 우유 라떼 NEW,커피/차
청우가 정통 그래놀라 1박스,시리얼/영양바
예담원_리뉴얼 9포,소스/조미료
오늘의밥상 무설탕 요구르트 570ml 증량,유제품
 달래마을_왕뚜껑 쌀국수 4개입 ,라면류
오늘의밥상  얼큰  짜장면,라면류
한결식품 얼큰 쌀국수 5개입,라면류
포미  치즈  웨하스  12개입  X3,과자/스낵
[무료배송] 하루담은 프리미엄 6개입 기획,과자/스낵
산들바람_매운 칼국수 4개입,라면류
달래마을  고소한  1690ml,소스/조미료
오늘의밥상  딸기  버터  8개입  NEW,유제품
 델리코_실속 감자칩 230g ,과자/스낵
본가정성 바삭 누룽지 6개입,과자/스낵
포미 매운 컵라면 5컵 2+1,라면류
본가정성 가정용 스팸 280g,통조림
델리코 정통 주스,음료
델리코  레몬  에이드  1600ml,음료
포미 불고기 짜장면 4컵,라면류
그린테이블 프리미엄 270ml 증량,커피/차
[1+1] 한결식품 프리미엄 250g,통조림
마루한 가정용 치즈 270ml,유제품
청우가 실속 참치캔 280g NEW,통조림
청우가 국내산,커피/차
본가정성  프리미엄  된장,소스/조미료
온담_가정용 짜장면 4개입,라면류
본가정성 정통 팝콘 증량,과자/스낵
 오늘의밥상 오리지널 젤리 증량 ,과자/스낵
예담원 제로 식혜 2L,음료
하루담은  국내산  만두  760g,냉동식품
청우가 오리지널 믹스커피 790g,커피/차
달래마을 가공 우유 140g,유제품
[1+1] 하루담은 먹태 쿠키 180g,과자/스낵
산들바람 고소한 식초,소스/조미료
달래마을 양조 케첩 520g (소포장),소스/조미료
온담 실속 생수 2페트,음료
 청우가 가정용 탄산음료 2L ,음료
[무료배송] 본가정성 국산콩 된장 1480ml,소스/조미료
오늘의밥상 리뉴얼 참치캔 1캔 x2,통조림
미소원_매콤 덮밥 350g NEW,즉석밥/간편식
포미 된장 라볶이 5개입,라면류
델리코 볶은 라떼,커피/차
온담 실속 파이 3봉,과자/스낵
 산들바람 야채 스팸 10캔 ,통조림
한결식품  프리미엄  티백  340g,커피/차
본가정성 선물용 짜장밥 (소포장),즉석밥/간편식
델리코  국내산  290g,즉석밥/간편식
본가정성 치즈 팝콘 16개입 기획,과자/스낵
 [무료배송] 청우가 정통 우유 160g ,유제품
청우가 수제 젤리 9봉,과자/스낵
그린테이블  수제  피자  20개입,냉동식품
[행사] 산들바람 수제 카페라떼 460ml 증량,커피/차
[오늘출발] 산들바람 치즈 쌀국수 140g,라면류
[오늘출발] 본가정성 고소한,소스/조미료
[오늘출발] 청우가 대용량 요구르트 360g,소스/조미료
본가정성 실속 옥수수캔 (대용량),통조림
 온담  먹태  감자칩 ,과자/스낵
하루담은 매운 라볶이 5컵,라면류
온담_가정용 곡물음료 1410ml 증량,음료
예담원  저칼로리  에이드  19페트  실온보관,음료
그린테이블  프리미엄  치킨너겟  4봉,냉동식품
[오늘출발] 그린테이블 실속 소금 10포,소스/조미료
[행사] 달래마을 소고기 죽 증량,즉석밥/간편식
[무료배송] 하루담은 가정용 요구르트 14개입,유제품
한결식품 김치 5개입,라면류
 한결식품 가정용 초코바 (수입산) ,과자/스낵
청우가 신상품 곡물음료 9개입,시리얼/영양바
오늘의밥상 정통 오트밀 850g,시리얼/영양바
한결식품  저지방  치즈  7개입,유제품
포미 복숭아 에이드 1360ml,음료
포미  얼큰  우동  130g,라면류
온담 우유 카페라떼 230ml,커피/차
달래마을  레몬  탄산수,음료
오늘의밥상_프리미엄 비빔면 x2,라면류
산들바람 대용량 군만두 3봉 X3 (국내산),냉동식품
 한결식품_가정용 볶음밥 2봉 실온보관 ,냉동식품
예담원 고기 피자 17개입,냉동식품
산들바람 실속 컵라면 140g X3 (수입산),라면류
 예담원 달콤한 크래커 ,과자/스낵
그린테이블 매운 쌀국수 5개입,라면류
델리코 실속 에이드 1240ml,음료
하루담은 무가당 탄산수 9페트,음료
 하루담은 간편 5개입 ,즉석밥/간편식
[오늘출발] 한결식품 오리지널 100g,라면류
예담원 슬라이스 연유 480g,유제품
[오늘출발] 예담원 딸기 팝콘,라면류
[오늘출발] 마루한 슬라이스 우유 170g x2,유제품
[1+1] 청우가 디카페인 티백 2+1,커피/차
 한결식품_오리지널 스낵 ,과자/스낵
 [행사] 델리코 3분 떡볶이 360g ,즉석밥/간편식
온담 인기 누룽지 12봉,과자/스낵
[무료배송] 하루담은 제로 탄산수 2L 기획,음료
 미소원 콜드브루 보리차 350ml ,커피/차
온담 선물용 라떼,유제품
청우가 선물용 쿠키 5봉 x2,과자/스낵
오늘의밥상 가정용 감자칩 260g,과자/스낵
 본가정성 리뉴얼 우유 390g ,유제품
본가정성 오리지널 라떼 4개입 (국내산),유제품
청우가 프리미엄 탄산음료 10페트,음료
오늘의밥상 수제 볶음밥,음료
마루한 매콤 4인분 실온보관,즉석밥/간편식
미소원 수제 핫도그,냉동식품
,커피/차
 온담 가정용 크래커 19개입 ,과자/스낵
델리코 신상품 에이드 15페트,음료
한결식품 프리미엄 초코바 18개입,과자/스낵
 [오늘출발] 델리코 신상품 3개입 ,통조림
미소원 된장 라면 130g 기획,라면류
한결식품_리뉴얼 웨하스,과자/스낵
청우가 치즈 초코바 78g,과자/스낵
한결식품 정통 참치캔,통조림
본가정성  실속  짜장면,라면류
[오늘출발] 한결식품 블랙 녹차 29입,커피/차
달래마을 국내산 옥수수캔 330g,통조림
온담_선물용 카레 9개입 2+1,즉석밥/간편식
온담 우유 아메리카노 140g,커피/차
달래마을_짜장 컵라면 3컵,라면류
그린테이블 국내산 카레 480g,즉석밥/간편식
[무료배송] 산들바람 대용량 13개입,과자/스낵
 온담 김치 라면 2컵 ,라면류
예담원 김치 만두 3봉 실온보관,냉동식품
[오늘출발] 델리코 수제 2L 기획,음료
한결식품 달콤한 젤리 (국내산),과자/스낵
예담원 고소한 간장 6포 (소포장),소스/조미료
온담  정통  쿠키  6봉,과자/스낵
[무료배송] 델리코 슬라이스 생크림 270ml,유제품
마루한 가정용 210g,통조림
[오늘출발] 청우가 볶은 보리차,커피/차
델리코  프리미엄  된장  600ml,소스/조미료
하루담은  정통  쌀국수  5개입,라면류
델리코 불고기 군만두 10개입,냉동식품
달래마을_매운 옥수수캔,냉동식품
미소원  실속  270ml,커피/차
[1+1] 본가정성 대용량 카레 220g,즉석밥/간편식
미소원  프리미엄  누룽지  10봉,과자/스낵
[무료배송] 오늘의밥상 수제 12페트,음료
미소원  프리미엄  카레분말  590ml  X3,소스/조미료
[행사] 한결식품 오리지널 곡물음료 2페트 x2,시리얼/영양바
청우가 수제 젤리 350g,과자/스낵
미소원 저지방 우유 X3,유제품
미소원 치즈 라면 2+1,라면류
포미 리뉴얼 콘프레이크 10개입,시리얼/영양바
청우가 대용량 라볶이,라면류
청우가 우유 X3,커피/차
하루담은 디카페인 보리차 51입 x2,커피/차
 오늘의밥상_김치 피자 870g ,냉동식품
미소원 저칼로리 에이드 16페트 증량,음료
하루담은  정통  티백  890g,커피/차
산들바람 오렌지 에이드 1L,음료
청우가 인기 칼국수 실온보관,라면류
그린테이블  선물용  49입,커피/차
산들바람 정통 아메리카노 310ml,커피/차
델리코  오리지널  옥수수캔,통조림
[오늘출발] 하루담은 된장 컵라면 4컵 NEW,라면류
온담 대용량 8개입,시리얼/영양바
[무료배송] 마루한 매운 라면 97g,라면류
오늘의밥상 인기 비빔면 4컵,라면류
마루한_플레인 요거트 250g NEW,유제품
하루담은 복숭아 탄산음료 1L,음료
온담  불고기  카레  950g,소스/조미료
오늘의밥상 선물용 라떼 670ml,유제품
달래마을 실속,음료
청우가 프리미엄 누룽지 3봉,과자/스낵
미소원 신상품 카레분말,소스/조미료
[1+1] 본가정성 딸기,통조림
하루담은  대용량  쌀국수  110g  NEW,라면류
델리코 달콤한 스낵,과자/스낵
 달래마을 오리지널 곡물음료 2L ,음료
온담 실속 팝콘 NEW,과자/스낵
델리코 오리지널 라떼 16개입,유제품
예담원  선물용  라볶이  100g,라면류
[무료배송] 델리코 오리지널 1L,음료
청우가 신상품 골뱅이,통조림
포미_실속 식혜 640ml,음료
온담  해물  짜장면,라면류
[무료배송] 그린테이블 인기 주스 15페트,음료
마루한  저염  카레  x2,소스/조미료
본가정성 실속 죽 450g,즉석밥/간편식
미소원_콜드브루 녹차 560g,커피/차
마루한  리뉴얼  소금,소스/조미료
 마루한 짜장 라볶이 110g ,라면류
청우가 불고기 우동 4컵,라면류
미소원  국내산  라볶이  140g,라면류
델리코 그릭 라떼 460g 2+1,유제품
미소원 국내산 단백질바 800g,시리얼/영양바
[1+1] 예담원 수제 컵라면 4개입,라면류
본가정성 짜장 칼국수 100g,라면류
예담원 리뉴얼 240g,과자/스낵
 델리코_수제 이온음료 3페트 ,음료
청우가 치즈 120g 실온보관,라면류
달래마을 플레인 연유,유제품
달래마을 가정용 꽁치통조림,통조림
청우가 국내산 크래커 15개입 (수입산),과자/스낵
본가정성 신상품 컵라면 4개입,라면류
청우가 신상품 라면 100g,라면류
포미 신상품 우동 (국내산),라면류
[오늘출발] 예담원 대용량 6개입 NEW,과자/스낵
그린테이블_콜드브루 믹스커피,커피/차
델리코 대용량 버터,유제품
하루담은 오렌지 에이드 1170ml,음료
델리코 가정용 치즈스틱 2봉,과자/스낵
[오늘출발] 달래마을 선물용 260g,시리얼/영양바
마루한 국내산 라볶이 X3 (국내산),시리얼/영양바
하루담은  대용량  믹스커피  280ml  증량,커피/차
그린테이블 저칼로리 2L,음료
[행사] 한결식품 슬라이스 라떼,유제품
[무료배송] 델리코 살코기 골뱅이 7개입,통조림
그린테이블 국내산 라면 2컵,라면류
[1+1] 그린테이블 바삭한 핫도그 x2,냉동식품
본가정성 수제 짜장면 100g x2,라면류
그린테이블_수제 주스 14페트,음료
 청우가 실속 옥수수캔 360g 실온보관 ,통조림
산들바람 정통 카페라떼 55입,커피/차
[오늘출발] 예담원 국내산 믹스커피 64입,커피/차
[1+1] 산들바람 해물 짜장면 1컵 증량,라면류
델리코 가정용 콘프레이크,시리얼/영양바
산들바람 디카페인 홍차 640g,커피/차
청우가 우유 시리얼,시리얼/영양바
포미 얼큰 라면,라면류
한결식품_오리지널 라떼 400ml X3,커피/차
하루담은 국산 참치캔 4개입,통조림
온담 신상품 젤리,과자/스낵
한결식품 오리지널 칼국수 실온보관,라면류
 본가정성 리뉴얼 컵라면 5개입 ,라면류
마루한 딸기 버터 180g x2,유제품
예담원_딸기 라떼 400g,유제품
그린테이블 저칼로리 식혜 1310ml,음료
한결식품_정통 초코바,과자/스낵
델리코  오리지널  번데기  12캔,통조림
한결식품 수제 쌀국수 5개입,라면류
한결식품_리뉴얼,과자/스낵
 [무료배송] 예담원 정통 치즈스틱 ,과자/스낵
한결식품 치즈 팝콘,과자/스낵
미소원  바삭한  핫도그  3봉,냉동식품
마루한 가정용 식초 250g (소포장),소스/조미료
마루한 대용량 치즈스틱 10봉,과자/스낵
온담  고추  옥수수캔  310g  NEW,통조림
하루담은  국내산  누룽지  240g  기획,과자/스낵
달래마을 선물용 번데기 4캔,통조림
[오늘출발] 미소원 매콤 죽 11개입,즉석밥/간편식
[1+1] 예담원 양조 식초,소스/조미료
예담원_선물용 1020ml,음료
한결식품 리뉴얼 홍차 82입 NEW,커피/차
마루한 오리지널 라면 140g,라면류
한결식품  김치  라면  120g  x2,과자/스낵
그린테이블  복숭아  탄산수  660ml  실온보관,음료
온담_레몬 생수,음료
온담 인기 번데기 160g,통조림
그린테이블  리뉴얼  만두  4봉,냉동식품
오늘의밥상_치즈 크래커 24개입 2+1,과자/스낵
[오늘출발] 한결식품 포도 생수 2L x2,음료
한결식품 먹태 초코바 12봉,과자/스낵
산들바람 살코기 꽁치통조림,통조림
[행사] 포미 오렌지 곡물음료 1950ml,음료
예담원 된장 라볶이 100g,라면류
미소원  오리지널  스팸  10캔,통조림
[행사] 오늘의밥상 바삭한 볶음밥 2봉,냉동식품
그린테이블_국산 옥수수캔 250g x2,통조림
산들바람_프리미엄 라떼 11개입,유제품
델리코  신상품  우동  120g  x2,라면류
델리코 왕 만두 9개입,냉동식품
[행사] 미소원 포도 탄산수,음료
[오늘출발] 산들바람 국내산 비빔면 100g,라면류
[1+1] 마루한 매운 쌀국수 130g,라면류
[무료배송] 미소원 스틱 350ml 기획,냉동식품
[무료배송] 델리코 불고기 돈까스 4봉,냉동식품
델리코 초코 20개입,과자/스낵
마루한  블랙  보리차  470g  X3,커피/차
[행사] 델리코 매운 비빔면 110g,라면류
 [1+1] 포미 선물용 볶음밥 12개입 증량 ,냉동식품
예담원_햇반 짜장밥 8개입,즉석밥/간편식
델리코  국내산  우동  120g,라면류
본가정성  무가당  에이드  1530ml,음료
오늘의밥상 프리미엄 짜장면 140g,라면류
달래마을  프리미엄  이온음료  2L,음료
온담_사골 비빔면,라면류
 산들바람 인기 홍차 x2 ,커피/차
오늘의밥상_정통 에이드 NEW,음료
오늘의밥상 가정용 원두 480ml 실온보관,커피/차
본가정성  먹태  초코바  실온보관,과자/스낵
[무료배송] 청우가 디카페인 라떼,커피/차
온담 달콤한 티백 200ml,커피/차
산들바람 대용량 우동 4개입,라면류
한결식품_무설탕 연유 730ml,유제품
오늘의밥상 야채 번데기 7개입 기획,통조림
[행사] 포미 소고기 카레 3인분,즉석밥/간편식
달래마을 무설탕 생크림,유제품
하루담은 불고기 치킨너겟 13개입 X3,냉동식품
 오늘의밥상 고기 볶음밥 2봉 ,냉동식품
산들바람_매운 참치캔 8캔,통조림
본가정성  리뉴얼  떡볶이,냉동식품
한결식품 볶은 녹차 280ml,커피/차
하루담은_치즈 쿠키,과자/스낵
오늘의밥상 실속 간장 900g,소스/조미료
달래마을 인기 티백,커피/차
청우가 오리지널 치즈스틱 310g (국내산),과자/스낵
[무료배송] 오늘의밥상 정통 참치캔 5개입,통조림
달래마을  초코,과자/스낵
예담원 선물용 요구르트 760ml,유제품
미소원 불고기 칼국수 5개입 x2,라면류
산들바람 저염 참기름 1140ml,소스/조미료
한결식품  콜드브루  라떼  22입,커피/차
[행사] 오늘의밥상 정통 생크림 x2,유제품
포미_국내산 새우튀김 1170g,냉동식품
본가정성 신상품 짜장면,라면류
오늘의밥상 정통 200ml 기획,커피/차
[오늘출발] 오늘의밥상 치즈 크래커,즉석밥/간편식
델리코  오리지널  쌀국수,라면류
델리코 저칼로리 탄산음료 1440ml,음료
오늘의밥상_복숭아 에이드 12페트,음료
달래마을 딸기 초코바 2봉,과자/스낵
하루담은 정통 5봉 실온보관,과자/스낵
청우가 가정용 카레 470g,즉석밥/간편식
본가정성 리뉴얼 원두,커피/차
오늘의밥상 스틱 티백 76입,커피/차
예담원 고추 참치캔 3캔,통조림
마루한_콜드브루 녹차 350ml,커피/차
한결식품 프리미엄 초코바 18개입,과자/스낵
[오늘출발] 산들바람 선물용 우동 5컵 NEW,라면류
[오늘출발] 달래마을 대용량 주스 190ml,음료
하루담은  리뉴얼  웨하스  14개입,과자/스낵
달래마을 볶은 녹차 95입,라면류
예담원 살코기 스팸 4개입 (수입산),통조림
달래마을 왕 돈까스,냉동식품
본가정성 오리지널 곡물음료 10페트,음료
포미 리뉴얼 스낵 (수입산),과자/스낵
[무료배송] 그린테이블 대용량 간장 9포,소스/조미료
산들바람  오리지널  21페트,음료
 그린테이블 야채 꽁치통조림 4개입 ,통조림
 그린테이블 된장 비빔면 130g ,라면류
델리코 저칼로리 주스 8페트 x2 (수입산),음료
하루담은_수제 라면 5컵 x2,라면류
온담  무설탕  요구르트  300g  X3,유제품
청우가  바삭  8봉,과자/스낵
예담원 국산 복숭아통조림,통조림
본가정성 가정용 팝콘 3봉 2+1,과자/스낵
예담원  프리미엄  짜장면  6컵,라면류
산들바람 저염 마요네즈 (수입산),소스/조미료
델리코 실속 소금 3포,소스/조미료
 델리코 신상품 우유 16개입 ,유제품
[무료배송] 포미 대용량 즉석밥 460g,즉석밥/간편식
 델리코 치즈 치즈스틱 19개입 ,냉동식품
한결식품_가정용 쿠키 55g,과자/스낵
델리코 매운 스팸 220g,통조림
온담 디카페인 라떼 74입 실온보관 (국내산),커피/차
청우가 디카페인 티백,커피/차
달래마을 복숭아 (국내산),음료
포미 슬라이스 라떼 500ml,유제품
 한결식품 인기 홍차 ,커피/차
본가정성 국내산 칼국수 100g,라면류
마루한_저지방 생크림 620ml,유제품
산들바람 무설탕 오트밀 370g,시리얼/영양바
 그린테이블 대용량 짜장면 4컵 ,라면류
 미소원_수제 우동 5개입 ,라면류
본가정성 실속 우동 1컵,라면류
 본가정성 신상품 라떼 640ml ,유제품
청우가  김치  우동  100g,라면류
오늘의밥상 볶은 라떼 440ml 2+1,커피/차
델리코_해물 우동 120g 증량,라면류
그린테이블 우유 카페라떼 570g,커피/차
미소원 재래식 800g,소스/조미료
[1+1] 하루담은 리뉴얼 스낵,과자/스낵
산들바람  수제  라떼,커피/차
포미_초코 스낵,과자/스낵
 [행사] 포미 치즈 쌀국수 5컵 ,라면류
[오늘출발] 청우가 대용량 비빔면 100g,라면류
델리코_신상품,통조림
예담원  정통  티백,커피/차
한결식품 대용량 탄산음료 11페트,음료
 포미 무설탕 라떼 16개입 ,유제품
하루담은 선물용 젤리 1봉 (수입산),과자/스낵
마루한 인기 국밥 3인분 2+1,즉석밥/간편식
본가정성 프리미엄 팝콘 1봉 2+1,과자/스낵
본가정성 매운 복숭아통조림,통조림
본가정성_볶은 라떼,커피/차
 하루담은  인기  초코바  12봉 ,과자/스낵
예담원 바삭한 돈까스,냉동식품
[무료배송] 예담원 왕뚜껑 짜장면 4개입,라면류
포미 블랙 아메리카노 57입 (수입산),커피/차
온담_사골 우동 4개입 NEW,라면류
그린테이블 수제 컵라면 120g,라면류
그린테이블 수제 라면 110g,라면류
 산들바람 오리지널 치즈스틱 8개입 ,과자/스낵
 한결식품 불고기 우동 6컵 ,커피/차
오늘의밥상_오리지널 생수 210ml X3,음료
 [오늘출발] 마루한 저칼로리 ,음료
하루담은_불고기 만두 4봉,냉동식품
온담_리뉴얼 군만두 17개입 실온보관,냉동식품
한결식품 국내산 라떼 810g,커피/차
온담 가정용 라떼 300g,유제품
청우가 불고기 볶음밥 16개입 (소포장),냉동식품
한결식품 수제 번데기 6개입,통조림
포미 프리미엄 탄산음료,음료
마루한 국내산 주스 1L,음료
하루담은 대용량 탄산음료 1420ml,음료
산들바람  국내산  우동  5개입,라면류
[무료배송] 온담 딸기 버터 460g,유제품
[무료배송] 델리코 가정용 주스 증량,음료
본가정성 국내산 복숭아통조림 6개입 (소포장),통조림
마루한 선물용 참치캔 300g (국내산),통조림
한결식품  가공  연유  560ml,유제품
예담원  국내산  젤리  2봉,과자/스낵
본가정성 무가당 탄산음료 NEW,음료
마루한 매운 복숭아통조림 증량,통조림
하루담은 대용량 새우튀김 660g,냉동식품
예담원 신상품 홍차 57입,커피/차
[무료배송] 델리코 바삭한 1봉,냉동식품
 한결식품 정통 주스 1200ml ,음료
산들바람 오리지널 비빔면 140g,라면류
하루담은  리뉴얼  떡볶이  3봉  x2,냉동식품
산들바람_매운 스팸 8캔,통조림
청우가 바삭 쿠키 4봉,과자/스낵
[1+1] 산들바람 불고기 치즈스틱 1봉 증량,냉동식품
한결식품 오리지널 누룽지 2+1,과자/스낵
델리코 매운 칼국수,라면류
하루담은  인기  컵라면  100g,라면류
마루한 정통 짜장면 5컵,라면류
포미 실속 시리얼 840g (소포장),시리얼/영양바
그린테이블 소고기 컵밥 310g (국내산),즉석밥/간편식
달래마을 오리지널 녹차 X3,커피/차
오늘의밥상 오리지널 라떼 310ml (소포장),유제품
 오늘의밥상 제로 생수 19페트 ,음료
오늘의밥상  인기  피자  4봉,냉동식품
온담 오리지널 라볶이 2컵 증량,라면류
달래마을 정통 에너지바 7개입,시리얼/영양바
오늘의밥상_실속 짜장면 120g,라면류
청우가  치즈  스낵  340g,과자/스낵
본가정성 선물용 라볶이,라면류
본가정성 국내산 비빔면 140g,라면류
본가정성 바삭 감자칩 10봉,과자/스낵
하루담은 국산콩 카레 5포,냉동식품
하루담은  인기  치즈스틱,과자/스낵
델리코 초코 파이 8봉,과자/스낵
그린테이블  왕  새우튀김  3봉,냉동식품
포미_초코 스낵 8봉 NEW,과자/스낵
한결식품 무설탕 라떼 2+1,유제품
달래마을 프리미엄 꽁치통조림 1캔,통조림
[1+1] 산들바람 인기 누룽지 9개입,과자/스낵
예담원 대용량 마요네즈 730g,소스/조미료
산들바람 얼큰 증량,라면류
예담원 정통 웨하스 6봉 2+1,과자/스낵
달래마을 신상품 주스 2L,음료
예담원 리뉴얼 참기름 920g,소스/조미료
산들바람 디카페인 홍차 26입 실온보관,커피/차
미소원 저지방 요구르트 9개입,유제품
 [오늘출발] 한결식품 리뉴얼 라떼 ,유제품
 마루한 레몬 탄산음료 1830ml ,음료
[무료배송] 그린테이블 블랙 녹차 340ml,커피/차
[1+1] 미소원 실속 군만두,냉동식품
본가정성_치즈 쿠키 1봉,과자/스낵
미소원  허니버터  쿠키  330g,과자/스낵
예담원 바삭 웨하스 12봉,과자/스낵
[1+1] 본가정성 선물용 치즈스틱 5봉,과자/스낵
오늘의밥상 인기 우동 5개입,라면류
온담 리뉴얼 카페라떼 2+1,커피/차
미소원 전복,즉석밥/간편식
[행사] 달래마을 국내산 마요네즈 증량,소스/조미료
마루한_블랙 홍차 증량,커피/차
 그린테이블 포도 곡물음료 14페트 ,음료
[무료배송] 포미 왕 피자 증량,냉동식품
한결식품 리뉴얼 치즈스틱,과자/스낵
예담원_짜장 칼국수 120g 증량,라면류
[행사] 하루담은 실속 라떼 82입,커피/차
 산들바람  가정용  요거트  230g  2+1 ,유제품
포미 프로틴 콘프레이크 6개입 X3,시리얼/영양바
미소원 디카페인 라떼 (대용량),커피/차
예담원_인기 죽 4개입,과자/스낵
미소원_김치 군만두 18개입,냉동식품
 미소원 가정용 만두 14개입 (국내산) ,냉동식품
 포미 국내산 카레 230g NEW (소포장) ,즉석밥/간편식
포미  국산콩  카레  1160ml,소스/조미료
청우가  국산  스팸  8캔,통조림
[오늘출발] 산들바람 딸기 쿠키 1봉,과자/스낵
 그린테이블_리뉴얼 에이드 ,음료
달래마을 신상품 우동,라면류
오늘의밥상_살코기 참치캔 8개입,통조림
그린테이블_먹태 웨하스 6개입,과자/스낵
청우가  초코  젤리,과자/스낵
오늘의밥상 허니버터 스낵 1봉,과자/스낵
델리코 저칼로리 곡물음료 1L,음료
오늘의밥상 우유 라떼,커피/차
마루한 딸기 누룽지 21개입,과자/스낵
포미_가정용 에이드 NEW,음료
온담 제로 주스 5페트,음료
마루한 복숭아 이온음료 810ml,음료
한결식품 복숭아 곡물음료 1060ml,음료
그린테이블 프리미엄 골뱅이 2+1,통조림
예담원_불고기 칼국수 5개입 2+1,라면류
한결식품  왕뚜껑  짜장면  실온보관,라면류
[오늘출발] 미소원 저지방 라떼 980ml 증량,유제품
미소원 정통 생크림 10개입,유제품
본가정성 바삭 9봉 (대용량),과자/스낵
청우가 오리지널 누룽지,즉석밥/간편식
[무료배송] 본가정성 볶은 라떼,커피/차
 [무료배송] 온담 대용량 5컵 실온보관 ,라면류
[오늘출발] 온담 허니버터 쿠키,과자/스낵
델리코 치즈 만두 1봉,냉동식품
그린테이블 실속 오트밀 710g,시리얼/영양바
 [무료배송] 청우가 허니버터 팝콘 19개입 ,과자/스낵
델리코 오리지널 쿠키 7개입,과자/스낵
달래마을 오리지널 스낵 10봉,과자/스낵
오늘의밥상 오리지널 옥수수캔 4캔 (대용량),통조림
델리코 선물용 떡볶이 12개입,냉동식품
예담원 신상품 스낵 13개입 X3,과자/스낵
 포미 오리지널 이온음료 2+1 ,음료
 [1+1] 본가정성 선물용 파이 380g ,과자/스낵
델리코 대용량 라면 (수입산),라면류
미소원 소고기 누룽지 12개입,즉석밥/간편식
예담원 딸기 기획 (국내산),시리얼/영양바
 청우가  양조  간장 ,소스/조미료
오늘의밥상  선물용  콘프레이크,시리얼/영양바
그린테이블 리뉴얼 컵라면 5개입,라면류
[오늘출발] 산들바람 바삭 쿠키,과자/스낵
청우가 딸기 치즈 16개입 실온보관,유제품
미소원 대용량 탄산음료 380ml,음료
청우가 실속 24페트,음료
델리코 선물용 쿠키 12봉 (국내산),과자/스낵
 미소원 수제 쌀국수 4개입 ,라면류
산들바람  스틱  믹스커피  44입,커피/차
달래마을 프리미엄 치킨너겟 20개입,냉동식품
그린테이블 프리미엄 주스 24페트 증량,음료
 청우가_초코 감자칩 21개입 NEW ,과자/스낵
포미 국산 복숭아통조림 140g NEW,통조림
하루담은  바삭  팝콘,과자/스낵
[1+1] 예담원 인기 탄산수 190ml 기획,음료
오늘의밥상 정통 믹스커피 460g (대용량),커피/차
온담 복숭아 2L 실온보관,음료
청우가_스틱 아메리카노 660g X3,커피/차
청우가  프리미엄  참치캔,통조림
하루담은 야채 스팸 6개입 실온보관,통조림
산들바람 리뉴얼 초코바 23개입,과자/스낵
하루담은 바삭 누룽지 51g NEW,과자/스낵
미소원 신상품 초코바 230g (대용량),과자/스낵
본가정성 선물용 3개입,통조림
하루담은  해물  짜장면  110g,라면류
[무료배송] 산들바람 슬라이스 요구르트,유제품
[무료배송] 델리코 복숭아 곡물음료 2L,음료
온담 사골 라볶이 4개입,라면류
하루담은 국내산 68입,커피/차
온담 양조 소금 X3,소스/조미료
온담 선물용 국밥 3개입 (대용량),즉석밥/간편식
 산들바람 오리지널 짜장밥 (대용량) ,즉석밥/간편식
청우가 그릭 190g (소포장),유제품
 예담원 딸기 라떼 920ml ,유제품
미소원  왕뚜껑  짜장면  4개입,라면류
예담원 정통 짜장면 110g 증량,라면류
예담원 실속 칼국수 3컵 (소포장),라면류
그린테이블 치즈 감자칩 19개입,과자/스낵
하루담은_실속 떡볶이,냉동식품
산들바람 무설탕 치즈,유제품
 마루한 선물용 비빔면 4개입 2+1 ,라면류
[1+1] 하루담은 리뉴얼 초코바 3봉,과자/스낵
 델리코 짜장 비빔면 4개입 ,라면류
 [오늘출발] 그린테이블 수제 치킨너겟 ,냉동식품
그린테이블 달콤한 아메리카노 320g 실온보관,커피/차
 산들바람  살코기  골뱅이  8개입 ,소스/조미료
달래마을 치즈,과자/스낵
마루한 신상품 16개입 기획,유제품
한결식품_디카페인 믹스커피 680g,커피/차
마루한  국내산  웨하스  11봉,과자/스낵
 그린테이블 정통 치즈스틱 12개입 ,과자/스낵
[행사] 청우가 신상품 스낵 기획,과자/스낵
달래마을 대용량 누룽지 9봉 x2,과자/스낵
온담 오리지널 라볶이,라면류
예담원 대용량 떡볶이 1인분,즉석밥/간편식
달래마을 불고기 20개입,냉동식품
델리코 3분 죽 390g 증량,커피/차
오늘의밥상_오렌지 기획,음료
[1+1] 그린테이블 국내산 참치캔 5개입,라면류
산들바람 선물용 된장 470g,소스/조미료
마루한 딸기 젤리,과자/스낵
미소원  불고기  카레분말  780g,소스/조미료
오늘의밥상  플레인  요구르트  310ml  증량,유제품
청우가  고추  번데기  10캔,통조림
예담원 수제 치즈스틱 260g (소포장),과자/스낵
오늘의밥상  신상품  요거트  260ml,유제품
 본가정성 매운 복숭아통조림 300g ,통조림
델리코 수제 11캔,통조림
델리코 인기 볶음밥 7개입,냉동식품
하루담은 스틱 티백 820g X3,커피/차
한결식품 대용량 케첩 3포,소스/조미료
 그린테이블 디카페인 믹스커피 ,커피/차
미소원 그릭 치즈 14개입,유제품
그린테이블 리뉴얼 누룽지 18개입,과자/스낵
하루담은 레몬 곡물음료 1420ml,음료
온담 고소한 케첩,소스/조미료
 달래마을_살코기 옥수수캔 ,통조림
 미소원  신상품  탄산수 ,음료
포미 레몬 이온음료 1L,음료
청우가 간편 죽,즉석밥/간편식
델리코 신상품 원두,커피/차
[무료배송] 델리코 수제 치즈스틱 4봉 NEW,냉동식품
하루담은 고소한 기획,커피/차
포미 오리지널 라떼 400ml,커피/차
오늘의밥상 매운 라볶이 6컵 x2,라면류
마루한_정통 라면 130g,라면류
오늘의밥상 왕뚜껑 컵라면,라면류
하루담은  실속  골뱅이  10캔,통조림
포미 오리지널 카레 240g 2+1,소스/조미료
 델리코  레몬  주스 ,음료
달래마을 가정용 파이 13개입,과자/스낵
그린테이블  달콤한  팝콘  기획,과자/스낵
 산들바람_초코 감자칩 10봉 2+1 ,과자/스낵
[오늘출발] 오늘의밥상 살코기 참치캔 x2,통조림
델리코 신상품 새우튀김 13개입,냉동식품
 포미  김치  비빔면  5개입  증량 ,통조림
 청우가 오렌지 곡물음료 (국내산) ,음료
산들바람_리뉴얼 골뱅이,통조림
그린테이블 양조 된장 310ml 기획,소스/조미료
산들바람  인기  원두  90입,커피/차
오늘의밥상 그릭 생크림 880ml NEW,유제품
델리코 해물 우동 5컵,라면류
[행사] 마루한 국내산 칼국수 4개입,라면류
[무료배송] 포미 그릭 라떼 4개입 기획,유제품
청우가 오리지널 치즈스틱,냉동식품
[1+1] 산들바람 오리지널 녹차,커피/차
온담 신상품 케첩,소스/조미료
예담원 제로 탄산수 1L 실온보관,음료
 그린테이블 인기 스팸 기획 ,통조림
델리코 무설탕 생크림 12개입,유제품
[무료배송] 미소원 슬라이스 생크림 7개입 x2,유제품
 [1+1] 본가정성 매운 컵라면 6컵 ,라면류
오늘의밥상_사골 쌀국수 110g 2+1,라면류
델리코 정통 간장 550ml,소스/조미료
산들바람  오렌지  주스,음료
[오늘출발] 산들바람 국산 복숭아통조림,통조림
 마루한  선물용  꽁치통조림  5캔 ,통조림
본가정성 저지방 라떼 240g,유제품
마루한 가정용 스팸 310g,통조림
델리코 가정용 쌀국수 4컵,라면류
[행사] 그린테이블 오리지널 라볶이 6컵,라면류
포미 간편 떡볶이,즉석밥/간편식
[1+1] 미소원 리뉴얼 요거트 400ml,유제품
예담원 슬라이스 라떼,유제품
오늘의밥상 대용량 에이드 13페트,음료
온담  불고기  돈까스  1봉,냉동식품
하루담은  불고기  컵라면  110g,라면류
[오늘출발] 달래마을 대용량 파이 370g,과자/스낵
예담원 인기 치즈스틱,냉동식품
[오늘출발] 오늘의밥상 고소한 케첩 5포 x2,소스/조미료
,소스/조미료
청우가 국내산 쿠키 8봉,과자/스낵
산들바람 선물용 라떼 420g NEW,유제품
포미 대용량 복숭아통조림,통조림
마루한 가정용 칼국수 110g,라면류
오늘의밥상 국내산,냉동식품
[무료배송] 오늘의밥상 신상품 식초 4포 X3,소스/조미료
 산들바람  불고기  짜장면  130g ,라면류
[오늘출발] 하루담은 볶은 350ml,커피/차
산들바람 무설탕 요구르트 130g (대용량),유제품
산들바람 얼큰 140g 증량,라면류
산들바람 프리미엄 우동 5컵 기획,라면류
한결식품 볶은 홍차 100입,커피/차
달래마을 선물용 스낵 7봉 기획,과자/스낵
한결식품  실속  티백  81입  x2,커피/차
오늘의밥상_선물용 스낵 6개입,과자/스낵
산들바람  저염  카레  9포,소스/조미료
포미  고추  번데기,통조림
미소원 국내산 마요네즈 340ml NEW,소스/조미료
[오늘출발] 마루한 프리미엄 컵라면,라면류
산들바람_가공 요구르트 400g X3,유제품
델리코 리뉴얼 쿠키,과자/스낵
미소원 딸기 팝콘 370g,과자/스낵
한결식품 치즈 치즈스틱 470g,냉동식품
 그린테이블  신상품  연유  10개입 ,유제품
포미 가정용 누룽지 11봉,과자/스낵
 하루담은 신상품 간장 8포 ,소스/조미료
그린테이블  매운  된장,소스/조미료
오늘의밥상 왕뚜껑 컵라면 110g,라면류
산들바람 신상품 짜장밥,즉석밥/간편식
예담원_오리지널 감자칩 2봉 2+1,과자/스낵
 마루한 수제 아메리카노 74입 ,커피/차
산들바람 양조 카레 1060g 증량,소스/조미료
그린테이블 리뉴얼 2L,음료
온담 매운 참치캔 8개입,통조림
그린테이블 대용량 카레 760g,소스/조미료
[무료배송] 미소원 복숭아 곡물음료 380ml x2,음료
달래마을  양조  간장  1380ml  x2,소스/조미료
달래마을 신상품 생수,음료
한결식품 간편 덮밥 8개입,즉석밥/간편식
[무료배송] 하루담은 치즈 컵라면 130g,라면류
[오늘출발] 온담 초코 웨하스 1봉 증량,과자/스낵
산들바람  매운  카레분말  240g,소스/조미료
 하루담은 햇반 카레 380g 증량 ,즉석밥/간편식
본가정성  치즈  팝콘  X3,과자/스낵
[1+1] 포미 김치 칼국수 1컵 증량,시리얼/영양바
한결식품 가정용 8개입 NEW,유제품
청우가 해물 칼국수 110g (수입산),라면류
미소원  정통  군만두  20개입,냉동식품
청우가 블랙 라떼 330g,커피/차
[오늘출발] 오늘의밥상 선물용 카레분말 750g 2+1,소스/조미료
본가정성 오리지널 만두,냉동식품
[무료배송] 미소원 그릭 우유 14개입 x2,유제품
 산들바람 무가당 식혜 ,음료
델리코 선물용 에이드,음료
[오늘출발] 마루한 초코 스낵 11봉,과자/스낵
 본가정성 대용량 짜장면 ,라면류
오늘의밥상  가정용  컵밥  3개입  X3,즉석밥/간편식
하루담은  인기  스낵,음료
그린테이블_국내산 4인분 2+1,즉석밥/간편식
하루담은 치즈 730g (수입산),냉동식품
 포미  국내산  마요네즈  480g ,소스/조미료
 [오늘출발] 달래마을 실속 카레 1120g ,소스/조미료
포미_국산콩 소금 720g 증량,소스/조미료
청우가_선물용 덮밥 2인분,즉석밥/간편식
포미 오렌지 탄산수 1L X3,음료
오늘의밥상 얼큰 120g,라면류
한결식품 국내산 라떼 800ml 증량,유제품
그린테이블_매운 골뱅이 6캔 증량,통조림
포미  리뉴얼  6개입,냉동식품
마루한 인기 이온음료 1L,음료
달래마을 우유 원두 71입,커피/차
본가정성 대용량 참기름 9포,소스/조미료
포미_대용량 우동 1컵,라면류
포미_정통 쿠키 19개입,과자/스낵
그린테이블 양조 카레 6포,소스/조미료
포미 3분,즉석밥/간편식
오늘의밥상  인기  생수  4페트,음료
[무료배송] 포미 오렌지 에이드 9페트,음료
청우가  국내산  쌀국수  94g,라면류
 포미  오리지널  옥수수캔  3개입 ,통조림
오늘의밥상 달콤한 크래커 17개입,과자/스낵
본가정성 대용량 우동 4개입 (소포장),라면류
본가정성 국산 꽁치통조림 360g,통조림
산들바람 블랙 녹차 970g,커피/차
마루한_리뉴얼 우동,라면류
그린테이블 프리미엄 칼국수 1컵,라면류
마루한 아몬드 에너지바 1박스,시리얼/영양바
본가정성 수제 스낵 12개입,과자/스낵
한결식품 먹태 웨하스 6개입,과자/스낵
예담원 선물용 치즈 850ml,유제품
[1+1] 한결식품 불고기 짜장면 96g,라면류
오늘의밥상 수제 칼국수 100g,라면류
한결식품 실속 라면 5개입 증량,라면류
산들바람  불고기  우동  1컵,라면류
 청우가  리뉴얼  골뱅이  8개입 ,통조림
[1+1] 한결식품 제로 곡물음료 650ml,음료
한결식품 실속 소금 7포,소스/조미료
달래마을_정통 꽁치통조림 3개입 실온보관,통조림
한결식품 오리지널 곡물음료 950ml,음료
 한결식품  리뉴얼  웨하스 ,과자/스낵
예담원 인기 11개입,유제품
그린테이블 프리미엄 주스 24페트 증량,음료
 달래마을 우유 카페라떼 310ml ,커피/차
 산들바람 불고기 라볶이 4개입 ,라면류
한결식품 선물용 라떼 390g,유제품
본가정성 국내산 치즈스틱 14개입,과자/스낵
[무료배송] 델리코 리뉴얼 참치캔 380g 증량,통조림
 미소원 불고기 피자 (국내산) ,냉동식품
델리코 3분 국밥 480g,즉석밥/간편식
하루담은 허니버터 크래커,과자/스낵
오늘의밥상 프리미엄 라면 4개입,라면류
포미 신상품 요구르트 190g,유제품
오늘의밥상  신상품,즉석밥/간편식
한결식품  신상품  떡볶이  4인분,즉석밥/간편식
한결식품 오리지널 옥수수캔 NEW (소포장),통조림
 델리코 플레인 치즈 15개입 ,유제품
한결식품 짜장 쌀국수 2컵,라면류
하루담은 우유 카페라떼 850g,커피/차
청우가 대용량 10캔,통조림
본가정성  매운  참치캔  120g,통조림
 [1+1] 오늘의밥상 매콤 떡볶이 3개입 NEW ,즉석밥/간편식
청우가 리뉴얼 된장 1420g X3,소스/조미료
오늘의밥상 치즈 쌀국수 140g,라면류
델리코_살코기 골뱅이 8개입 기획,통조림
한결식품 인기 스낵 22개입,과자/스낵
미소원 실속 복숭아통조림 12캔 실온보관,통조림
하루담은 선물용 곡물음료 2페트 (국내산),음료
하루담은 프리미엄 쌀국수 130g,라면류
오늘의밥상  리뉴얼  감자칩  180g  2+1,과자/스낵
하루담은 오리지널 라면 5컵 (국내산),라면류
예담원 정통,유제품
[오늘출발] 오늘의밥상 먹태 치즈스틱 6개입,과자/스낵
마루한  대용량,음료
마루한 국내산 곡물음료 1980ml (국내산),음료
온담  국내산  우동  5개입  2+1,라면류
청우가  수제  만두  2봉,냉동식품
청우가 실속 곡물음료 6개입 (소포장),시리얼/영양바
예담원 치즈 치즈스틱 220g (대용량),과자/스낵
하루담은 우유 라떼 330g,커피/차
그린테이블 인기 우유 7개입,유제품
마루한 인기 식혜 19페트 NEW,음료
오늘의밥상 저지방 생크림,유제품
달래마을  실속  쌀국수  3컵,라면류
 [1+1] 본가정성 실속 라면 ,라면류
[무료배송] 그린테이블 가정용 카레분말 6포,소스/조미료
델리코_대용량 믹스커피,커피/차
포미 바삭한,냉동식품
하루담은 대용량 비빔면 4개입,라면류
온담 오렌지 탄산음료 2L 증량,음료
델리코 실속 우동 1컵,라면류
[행사] 온담 고추 기획,통조림
청우가  리뉴얼  10개입  x2,과자/스낵
마루한 오리지널 크래커,과자/스낵
산들바람 실속 칼국수 (국내산),라면류
 달래마을 국내산 4인분 ,즉석밥/간편식
그린테이블  복숭아  이온음료  2L,통조림
산들바람 선물용 마요네즈 380ml,소스/조미료
포미 오리지널 식초,소스/조미료
델리코 고소한 고추장,소스/조미료
본가정성 바삭 쿠키 1봉,과자/스낵
예담원 달콤한 쿠키,과자/스낵
달래마을  플레인  라떼  390g,유제품
포미  프리미엄  골뱅이  8개입  x2,통조림
예담원  인기  크래커  5봉,과자/스낵
델리코 오리지널 초코바,과자/스낵
 그린테이블 야채 150g 실온보관 ,통조림
포미 리뉴얼 라떼 13개입 2+1,유제품
[무료배송] 온담 왕 치킨너겟 2봉,과자/스낵
본가정성 매운 소금 9포,소스/조미료
그린테이블 신상품 녹차 (국내산),커피/차
한결식품 프로틴 단백질바 520g,시리얼/영양바
 하루담은 3분 떡볶이 4개입 ,즉석밥/간편식
[오늘출발] 미소원 국내산 고추장,소스/조미료
미소원 리뉴얼 누룽지,과자/스낵
산들바람 국내산 웨하스 8봉,과자/스낵
오늘의밥상  오리지널  감자칩  6개입  증량,과자/스낵
 델리코_스틱 원두 290g 증량 ,커피/차
온담 김치 만두 2봉,냉동식품
청우가 볶은 티백,커피/차
그린테이블 딸기 10봉,과자/스낵
[오늘출발] 달래마을 된장 비빔면,라면류
오늘의밥상  리뉴얼  230ml,통조림
한결식품 오리지널 국밥 9개입 증량,즉석밥/간편식
본가정성  슬라이스  치즈  110g,유제품
하루담은 3분 레토르트 320g,즉석밥/간편식
하루담은 국내산 670ml,유제품
본가정성 가정용 오트밀 (소포장),시리얼/영양바
포미 오리지널 웨하스 11봉,과자/스낵
[1+1] 예담원 딸기 치즈스틱 실온보관,과자/스낵
포미 정통 카페라떼,커피/차
포미_인기 4개입,라면류
청우가_견과 콘프레이크 12개입,시리얼/영양바
오늘의밥상 국내산 티백 400ml,커피/차
청우가 리뉴얼,과자/스낵
 마루한 왕뚜껑 비빔면 3컵 ,라면류
온담  불고기,소스/조미료
 그린테이블 정통 연유 460g ,유제품
델리코 볶은,커피/차
달래마을 수제 만두 1180g 기획,냉동식품
마루한 양조 고추장 370ml NEW (대용량),소스/조미료
예담원  대용량  복숭아통조림  100g,통조림
델리코 신상품 번데기 (소포장),통조림
오늘의밥상_우유 라떼 320ml,커피/차
온담 프리미엄 치즈스틱 3봉,과자/스낵
산들바람 오리지널 치킨너겟 1070g,냉동식품
포미 딸기 팝콘 11봉 2+1,과자/스낵
청우가  실속  파이  260g,과자/스낵
온담 수제 초코바,과자/스낵
[오늘출발] 미소원 사골 컵라면 6컵 기획,라면류
하루담은 프리미엄 크래커 2+1,과자/스낵
청우가 무가당 식혜 19페트,음료
한결식품 수제 쌀국수 1컵,라면류
마루한 신상품 케첩 7포,소스/조미료
오늘의밥상 리뉴얼 곡물음료 1L x2,음료
하루담은_콜드브루 아메리카노 80입,커피/차
 그린테이블 무가당 식혜 2L ,음료
포미 가정용 요거트 560ml x2,유제품
산들바람_대용량 라볶이 130g,라면류
청우가 오리지널 식혜 1L,음료
온담 딸기 감자칩,과자/스낵
포미 저칼로리 곡물음료 18페트 NEW,음료
미소원 달콤한 감자칩,과자/스낵
델리코 리뉴얼 우동 5개입 X3,라면류
 예담원 현미 즉석밥 380g ,즉석밥/간편식
오늘의밥상 해물 칼국수 증량,라면류
오늘의밥상_선물용 군만두 3봉,냉동식품
[오늘출발] 한결식품 신상품 요구르트 4개입 x2,유제품
예담원_포도 곡물음료 23페트 증량,음료
달래마을 제로 곡물음료,음료
그린테이블 레몬 1660ml,음료
델리코_인기 우동 5개입,라면류
예담원 저칼로리 곡물음료 14페트 (수입산),음료
[오늘출발] 포미 저지방 요구르트,유제품
예담원_리뉴얼 참치캔 300g,통조림
미소원 달콤한 팝콘 24개입 x2,과자/스낵
[1+1] 오늘의밥상 국내산 골뱅이 130g,통조림
[1+1] 미소원 수제 300g,즉석밥/간편식
[행사] 예담원 현미 카레 실온보관,즉석밥/간편식
미소원  매운  컵라면  5개입,라면류
그린테이블 선물용 콘프레이크 2박스,시리얼/영양바
예담원 실속 쌀국수 140g,라면류
달래마을 저지방 400ml 기획,유제품
 한결식품  정통  감자칩  9개입 ,과자/스낵
포미 리뉴얼 팝콘,과자/스낵
마루한 슬라이스 요구르트 480g,유제품
[무료배송] 한결식품 먹태 웨하스 15개입,과자/스낵
예담원 3분 즉석밥 7개입 증량,즉석밥/간편식
청우가 실속 식초 350g,소스/조미료
[무료배송] 한결식품 실속 비빔면,라면류
[1+1] 그린테이블 된장 라볶이 5컵 x2,라면류
오늘의밥상_저염 카레분말 620g 기획,소스/조미료
미소원 리뉴얼 비빔면 증량,라면류
온담  프리미엄  누룽지  140g,과자/스낵
그린테이블 수제 생크림 490g (수입산),유제품
하루담은 우유 라떼 870g,커피/차
마루한 먹태 초코바 7봉,과자/스낵
오늘의밥상 인기 라떼 14개입 (소포장),유제품
 오늘의밥상 딸기 연유 9개입 ,유제품
그린테이블 슬라이스 요거트 8개입,유제품
 온담 국내산 아메리카노 850g ,커피/차
예담원  가정용  에이드  2L,음료
오늘의밥상 실속 고추장 (수입산),소스/조미료
예담원 국내산 이온음료 470ml,음료
 [1+1] 예담원 정통 믹스커피 23입 2+1 ,커피/차
달래마을  왕  핫도그  620g,냉동식품
한결식품 신상품 1L,음료
예담원 바삭 웨하스 2봉,과자/스낵
그린테이블_전복 죽 6개입 실온보관,즉석밥/간편식
델리코  실속  카레  710ml  증량,소스/조미료
산들바람 허니버터 누룽지 12봉,과자/스낵
 예담원 신상품 젤리 400g ,과자/스낵
달래마을 우유 콘프레이크,시리얼/영양바
한결식품 수제 고추장 1280ml,소스/조미료
미소원  프리미엄  초코바  2봉,과자/스낵
달래마을 인기 주스 2L,음료
본가정성 프리미엄 치즈스틱 11개입 (수입산),냉동식품
그린테이블  가정용  소금,소스/조미료
그린테이블 인기 이온음료 1520ml,음료
델리코 먹태 감자칩 180g 기획,과자/스낵
온담  초코  웨하스  9개입  실온보관,냉동식품
하루담은 수제 라면 4개입 실온보관,라면류
 마루한 스틱 원두 (소포장) ,커피/차
 산들바람 인기 280g ,과자/스낵
[오늘출발] 마루한 스틱 원두,라면류
 미소원_선물용 ,음료
 산들바람 슬라이스 우유 X3 ,유제품
본가정성 프리미엄 간장 2포,소스/조미료
 달래마을 오리지널 식혜 ,음료
마루한 오리지널 감자칩 7봉,과자/스낵
달래마을 매콤 죽 350g 실온보관 (수입산),즉석밥/간편식
청우가 국내산 참기름,소스/조미료
포미_고기 핫도그 890g,냉동식품
포미  프리미엄  믹스커피  x2,커피/차
한결식품  대용량  원두,커피/차
예담원 실속 오트밀 1박스,시리얼/영양바
마루한  된장  쌀국수  6컵,라면류
본가정성 가정용 핫도그 1봉 (대용량),냉동식품
산들바람 국내산 66g,과자/스낵
예담원_프리미엄 칼국수 5개입,라면류
달래마을 대용량 9개입 X3 (국내산),냉동식품
청우가 오리지널,시리얼/영양바
포미 리뉴얼 곡물음료 (수입산),음료
청우가 프리미엄,음료
청우가 오리지널 군만두 590g,냉동식품
달래마을 오리지널 복숭아통조림 4개입 기획,통조림
하루담은 해물 우동 110g (대용량),라면류
 그린테이블_전복 컵밥 ,즉석밥/간편식
하루담은 수제 이온음료 1820ml (수입산),음료
한결식품 리뉴얼 티백 25입,커피/차
본가정성 리뉴얼 생수 1L,음료
 델리코 실속 치킨너겟 ,냉동식품
온담  오리지널  스낵,과자/스낵
[1+1] 그린테이블 먹태 웨하스 23개입 실온보관,과자/스낵
하루담은 우유 카페라떼 130g x2,커피/차
미소원 정통 티백 860g,커피/차
 오늘의밥상 양조 식초 4포 ,소스/조미료
[1+1] 미소원 인기 크래커 140g,과자/스낵
델리코_리뉴얼 비빔면 4컵,라면류
본가정성 신상품 식혜,음료
하루담은 불고기 카레 1080ml 2+1,소스/조미료
[1+1] 온담 치즈 쌀국수 130g 2+1,라면류
[행사] 마루한 정통 칼국수 110g,라면류
포미  바삭  크래커  12봉  NEW,과자/스낵
예담원 새우 돈까스 4봉,냉동식품
 오늘의밥상 치즈 짜장면 5개입 ,라면류
 온담 수제 생수 8페트 ,음료
 본가정성 대용량 라떼 680g 기획 ,커피/차
오늘의밥상 왕 치즈스틱 3봉 NEW,냉동식품
달래마을  바삭한  군만두  8개입,냉동식품
온담_치즈 780g,냉동식품
[오늘출발] 예담원 고기 돈까스 1110g 2+1,냉동식품
산들바람 저칼로리 곡물음료 3페트,음료
 델리코 프리미엄 라떼 200ml ,유제품
그린테이블 무가당 곡물음료 16페트 NEW (수입산),음료
오늘의밥상 신상품 케첩 1220g X3,소스/조미료
[오늘출발] 산들바람 인기 컵라면,라면류
포미 오리지널 카레,소스/조미료
예담원  치즈  짜장면,라면류
청우가 김치 쌀국수 110g,라면류
한결식품  프리미엄  연유  6개입  2+1,유제품
오늘의밥상_재래식 케첩 530g,소스/조미료
산들바람  인기  카레  2포,소스/조미료
마루한 새우 만두 650g 실온보관,냉동식품
온담_불고기 치즈스틱 3봉 실온보관,냉동식품
그린테이블 리뉴얼 치즈 (소포장),유제품
청우가 가정용 생수 19페트,음료
[오늘출발] 델리코 정통 덮밥 220g,즉석밥/간편식
오늘의밥상 국내산 우동 2컵,라면류
청우가 고추 옥수수캔,통조림
미소원_실속 라볶이 120g,라면류
그린테이블 왕뚜껑 짜장면 5개입 x2,라면류
[오늘출발] 예담원 저칼로리 탄산음료 540ml,음료
[무료배송] 그린테이블 오리지널 누룽지 9봉 2+1,과자/스낵
한결식품 실속 치즈 280g,유제품
한결식품 치즈 핫도그,냉동식품
 [오늘출발] 예담원 가공 우유 11개입 ,유제품
본가정성 신상품 라떼 44입,커피/차
그린테이블 견과 곡물음료 10개입,시리얼/영양바
포미  인기  140g,유제품
포미 선물용 15개입,과자/스낵
미소원_프리미엄 카페라떼 120g,커피/차
산들바람 인기 치즈스틱,과자/스낵
본가정성  불고기  카레  2포,소스/조미료
오늘의밥상 선물용 1380ml NEW (수입산),소스/조미료
미소원 얼큰 비빔면 4개입 x2,라면류
달래마을 김치 라면 110g,라면류
[오늘출발] 그린테이블 신상품 치즈스틱,과자/스낵
청우가 된장 4개입,라면류
[오늘출발] 포미 프리미엄 곡물음료 2L,음료
미소원_딸기 라떼 X3,유제품
청우가 견과 시리얼 2박스,시리얼/영양바
예담원 블랙 840g (소포장),커피/차
본가정성 실속 된장 10포,소스/조미료
마루한_얼큰 컵라면,라면류
하루담은 국산콩 카레 2포,소스/조미료
청우가 그릭 290ml,유제품
[무료배송] 예담원 제로 식혜 1660ml 2+1,음료
한결식품 가정용 1560ml,음료
달래마을 김치 우동 5개입 (국내산),라면류
[무료배송] 오늘의밥상 가공 버터,유제품
 달래마을  대용량  누룽지  18개입 ,과자/스낵
청우가 선물용 국밥,즉석밥/간편식
 청우가 무설탕 라떼 450g x2 ,유제품
[무료배송] 델리코 허니버터 스낵 13개입 X3,과자/스낵
하루담은 가정용 복숭아통조림 실온보관,통조림
미소원 실속 시리얼 11개입,시리얼/영양바
포미 실속 4컵 NEW,라면류
본가정성 짜장 라볶이 (대용량),라면류
[1+1] 하루담은 수제 카레,소스/조미료
산들바람 김치 비빔면 110g,라면류
델리코 선물용 믹스커피 실온보관,커피/차
산들바람 사골 비빔면,라면류
포미 국내산 탄산음료 1L x2,음료
그린테이블 대용량 감자칩 9봉 (소포장),과자/스낵
미소원 디카페인 홍차 330ml x2,커피/차
달래마을 선물용 120g x2,라면류
달래마을 얼큰 110g,라면류
 온담_대용량 85입 ,커피/차
한결식품 인기 컵라면 130g,라면류
예담원_치즈 컵라면 3컵,라면류
델리코 선물용 짜장면 4컵 x2,라면류
[오늘출발] 하루담은 리뉴얼 옥수수캔 8개입,통조림
[행사] 예담원 국내산 골뱅이 170g,통조림
델리코_플레인 요거트 110g,유제품
 [무료배송] 산들바람 실속 에이드 2L ,음료
예담원 오리지널 번데기 310g x2,통조림
포미  인기  22개입,과자/스낵
오늘의밥상 치즈 피자 16개입,냉동식품
달래마을  딸기  110g  실온보관,소스/조미료
 델리코  얼큰  비빔면  92g ,라면류
청우가 신상품 버터 11개입 NEW,유제품
마루한 바삭한 피자 2봉,냉동식품
산들바람 리뉴얼 칼국수 2컵 NEW,라면류
 [오늘출발] 본가정성 오리지널 ,음료
온담  소고기,즉석밥/간편식
포미  바삭  누룽지  X3,과자/스낵
오늘의밥상 인기 버터,유제품
 청우가 볶은 티백 35입 ,커피/차
예담원 대용량 1L,음료
[행사] 달래마을 플레인 요구르트 320ml,유제품
그린테이블 오리지널 참치캔,통조림
예담원 실속 쿠키 290g,과자/스낵
[행사] 달래마을 신상품 핫도그,냉동식품
 예담원 오렌지 770ml 기획 ,음료
오늘의밥상  스틱  원두  890g,커피/차
오늘의밥상 인기 탄산수 2+1,음료
산들바람 가정용 초코바 12봉,과자/스낵
[무료배송] 오늘의밥상 수제 골뱅이 1캔,통조림
미소원_신상품 쌀국수,라면류
그린테이블 인기 누룽지,과자/스낵
오늘의밥상 왕 군만두 450g,냉동식품
본가정성_국내산 우동 5개입,라면류
델리코  정통  옥수수캔,통조림
마루한 수제 x2,음료
산들바람 리뉴얼 마요네즈 600ml,소스/조미료
포미 정통 젤리 7개입,과자/스낵
하루담은  국내산  우동  5컵,라면류
하루담은 대용량 꽁치통조림 4캔,통조림
청우가 새우 피자,냉동식품
온담 고기 볶음밥 12개입 NEW,냉동식품
예담원 수제 스팸 8개입,통조림
예담원_오리지널 2컵 증량,라면류
달래마을  신상품  쌀국수  3컵,라면류
 예담원 선물용 우유 450g ,유제품
그린테이블 실속 볶음밥 3봉,냉동식품
오늘의밥상 아몬드 그래놀라 7개입,시리얼/영양바
[오늘출발] 산들바람 수제 식초 10포 x2,소스/조미료
 본가정성 실속 죽 실온보관 ,즉석밥/간편식
[1+1] 온담 리뉴얼 떡볶이 4인분 2+1,즉석밥/간편식
 오늘의밥상  포도  탄산수  1780ml ,음료
산들바람 인기 즉석밥 8개입 (국내산),즉석밥/간편식
델리코  정통  쿠키  13개입,과자/스낵
마루한 인기 보리차 450g (수입산),커피/차
오늘의밥상 저지방 우유 85g 증량,유제품
[행사] 오늘의밥상 오리지널 웨하스,과자/스낵
청우가 새우 새우튀김 3봉,냉동식품
하루담은 신상품 초코바 증량,과자/스낵
델리코  신상품  버터  380g  증량,유제품
산들바람 달콤한 아메리카노 69입,커피/차
하루담은 수제 6개입 (수입산),즉석밥/간편식
미소원 가정용 고추장 5포,소스/조미료
오늘의밥상_3분 카레 3인분,즉석밥/간편식
 오늘의밥상 오렌지 식혜 ,음료
예담원  왕  핫도그,냉동식품
청우가 실속 믹스커피 230ml,커피/차
그린테이블 불고기 케첩 10포,소스/조미료
[행사] 청우가 가정용 요거트 기획,유제품
달래마을 인기 짜장면 6컵,라면류
[1+1] 청우가 바삭 크래커,과자/스낵
마루한 저칼로리 식혜 2L (소포장),음료
청우가_대용량 연유,유제품
[1+1] 그린테이블 실속 참기름 9포,소스/조미료
산들바람 국내산 쌀국수 95g,라면류
마루한  재래식  식초,소스/조미료
그린테이블  인기  카레,소스/조미료
 포미 리뉴얼 라면 96g ,라면류
예담원 먹태 4봉,과자/스낵
 그린테이블_오리지널 요구르트 13개입 ,유제품
 예담원_간편 카레 실온보관 ,즉석밥/간편식
본가정성  오리지널  곡물음료  3페트  X3,음료
델리코 실속 비빔면,라면류
하루담은 플레인 요구르트,과자/스낵
 본가정성 오리지널 칼국수 3컵 ,라면류
미소원 김치 110g,라면류
오늘의밥상  저칼로리  270ml,음료
달래마을_국내산 홍차 920g,커피/차
포미 프리미엄 스낵 3봉 X3,과자/스낵
포미_프리미엄 곡물음료 x2,시리얼/영양바
미소원 소고기 레토르트,즉석밥/간편식
 포미_매콤 6개입 ,즉석밥/간편식
 포미 고기 만두 880g ,냉동식품
델리코 대용량 누룽지 기획,과자/스낵
델리코 고소한 고추장 320g 기획 (대용량),소스/조미료
청우가 오리지널 참치캔 8개입,통조림
[오늘출발] 그린테이블 슬라이스 생크림,유제품
청우가 왕뚜껑 우동 4개입,라면류
마루한 국산콩 된장 2포 기획,소스/조미료
 온담 바삭한 새우튀김 410g ,냉동식품
 산들바람 무설탕 요거트 340g ,유제품
[1+1] 산들바람 프리미엄 오트밀 11개입,시리얼/영양바
델리코 사골 칼국수 3컵,라면류
포미 실속 곡물음료,음료
청우가 된장 쌀국수 (대용량),라면류
예담원_짜장 라면 120g,라면류
한결식품 김치 새우튀김 2+1,냉동식품
본가정성_플레인 연유,유제품
예담원 블랙 원두 (소포장),커피/차
산들바람 국내산 그래놀라 실온보관 (소포장),시리얼/영양바
[무료배송] 하루담은 실속 요구르트 15개입,유제품
청우가 신상품 꽁치통조림 8캔,통조림
마루한 포도 곡물음료 630ml (대용량),음료
[1+1] 하루담은 가정용 웨하스 17개입,과자/스낵
산들바람  프리미엄  누룽지  15개입,과자/스낵
 한결식품 신상품 고추장 1280g ,소스/조미료
[1+1] 오늘의밥상 실속 케첩 330ml X3,소스/조미료
[무료배송] 온담 신상품 원두 44입 x2,커피/차
오늘의밥상  가정용  이온음료  1460ml,음료
달래마을 수제 젤리 140g,과자/스낵
 [오늘출발] 그린테이블 수제 칼국수 ,라면류
청우가  선물용  쌀국수  4컵,라면류
한결식품 신상품 참기름 X3,소스/조미료
오늘의밥상 가정용 팝콘 7개입,과자/스낵
포미  수제  감자칩,과자/스낵
본가정성 리뉴얼 6컵 기획,라면류
 마루한 대용량 요거트 230ml 기획 ,유제품
 오늘의밥상 치즈 라볶이 1컵 ,라면류
산들바람 리뉴얼 컵라면,라면류
청우가 수제 주스 22페트,음료
오늘의밥상 매운 11캔,통조림
하루담은 실속 치즈스틱 7봉 기획,과자/스낵
달래마을  정통  우동  6컵,라면류
 청우가 리뉴얼 꽁치통조림 12캔 증량 ,통조림
본가정성  대용량  고추장  증량,소스/조미료
미소원  볶은  믹스커피,커피/차
그린테이블 리뉴얼 보리차 54입,커피/차
미소원 간편 카레,즉석밥/간편식
마루한 국내산 된장,소스/조미료
포미 가정용 짜장면 실온보관,라면류
한결식품 오리지널 원두 390ml 2+1,커피/차
 온담 오리지널 티백 360ml 기획 ,커피/차
달래마을 선물용 번데기 5개입 x2,통조림
델리코  포도  탄산음료  910ml,음료
미소원  가정용  치즈스틱  300g,과자/스낵
오늘의밥상 국내산 티백 400ml,커피/차
본가정성 신상품 식혜 900ml (대용량),음료
델리코 가정용 카레분말 5포 (수입산),소스/조미료
달래마을 대용량 우유 960ml,유제품
마루한_3분 짜장밥 1인분,즉석밥/간편식
[1+1] 온담 선물용 초코바 9봉 실온보관,과자/스낵
달래마을_인기 라떼 290ml,커피/차
예담원 대용량 파이 12봉,과자/스낵
 온담  국내산  떡볶이  5개입  기획 ,즉석밥/간편식
포미  얼큰  컵라면  4컵,라면류
마루한 인기 보리차 68입,커피/차
 온담  실속  치킨너겟  920g  2+1 ,냉동식품
하루담은 인기 400g 기획,시리얼/영양바
 그린테이블 국내산 생크림 16개입 ,유제품
[무료배송] 청우가 프리미엄 카레,소스/조미료
[무료배송] 본가정성 그릭 버터 6개입 증량,유제품
마루한 오리지널 소금 4포,소스/조미료
달래마을 선물용 라떼,유제품
 예담원 김치 우동 100g 증량 ,라면류
온담 대용량 카레분말 1350g 2+1,소스/조미료
마루한_국내산 핫도그 4봉 증량,냉동식품
청우가 스틱 아메리카노 430ml NEW,커피/차
하루담은 오리지널 간장,소스/조미료
오늘의밥상 국내산 2L,음료
하루담은 오리지널 참치캔 6개입,통조림
 온담 허니버터 웨하스 (소포장) ,과자/스낵
달래마을_짜장 쌀국수 2컵,라면류
산들바람_먹태 쿠키 22개입,과자/스낵
[행사] 델리코 대용량 짜장면 4개입,라면류
오늘의밥상 대용량 파이,과자/스낵
산들바람 오리지널 옥수수캔 11캔,통조림
 청우가 프리미엄 보리차 ,커피/차
포미 달콤한 믹스커피 270ml,커피/차
오늘의밥상 리뉴얼 볶음밥 460g,냉동식품
본가정성 신상품 누룽지 33g,과자/스낵
그린테이블_신상품 즉석밥 280g 2+1,즉석밥/간편식
델리코  치즈  12봉  실온보관,과자/스낵
[무료배송] 온담 오리지널,과자/스낵
청우가 가정용 카페라떼 480ml,커피/차
[1+1] 그린테이블 정통 칼국수 110g,라면류
포미 정통 요구르트 530ml,유제품
예담원 대용량 생수 9페트 (국내산),음료
미소원 가정용 탄산음료,음료
오늘의밥상 전복 국밥 3인분,즉석밥/간편식
청우가  선물용  아메리카노  27입,커피/차
[행사] 예담원 현미 국밥 3개입 X3,즉석밥/간편식
델리코 치즈,냉동식품
한결식품_새우 피자 8개입 X3,냉동식품
하루담은_대용량 피자,냉동식품
산들바람 해물 쌀국수 5개입,라면류
오늘의밥상  선물용  웨하스  4봉,과자/스낵
한결식품 프리미엄 라떼 88입,커피/차
산들바람 치즈 라볶이,라면류
미소원 선물용 짜장밥 310g,즉석밥/간편식
미소원  가정용  카레  640ml,소스/조미료
포미 국내산 젤리,과자/스낵
본가정성 프리미엄 생크림 320g,유제품
온담 가정용 케첩,소스/조미료
청우가_선물용 칼국수 4개입,라면류
온담  바삭  누룽지  15개입,과자/스낵
그린테이블 오렌지 곡물음료 2L NEW,음료
[오늘출발] 오늘의밥상 리뉴얼 칼국수 4개입,라면류
예담원  선물용  연유  890ml  X3,유제품
델리코  신상품  식초  5포,소스/조미료
 그린테이블_오리지널 탄산음료 ,음료
한결식품 수제 젤리 7봉,과자/스낵
산들바람 치즈 만두 1봉,냉동식품
예담원 신상품 복숭아통조림,통조림
온담_가정용 이온음료 700ml,음료
 하루담은  대용량  곡물음료  720ml ,음료
[행사] 한결식품 프리미엄 연유 4개입,유제품
마루한 리뉴얼 믹스커피 930g X3,커피/차
본가정성  국내산  젤리  10봉,과자/스낵
포미 신상품 죽 5개입 기획,즉석밥/간편식
오늘의밥상 김치 핫도그 580g 증량,냉동식품
하루담은 콜드브루 라떼 430ml NEW,커피/차
예담원 대용량 에이드 23페트,음료
델리코 김치 비빔면 4개입,라면류
[오늘출발] 포미 신상품 에너지바 10개입,시리얼/영양바
 마루한_오리지널 떡볶이 실온보관 ,냉동식품
산들바람  정통  볶음밥  4봉  X3,냉동식품
마루한 아몬드 3박스,시리얼/영양바
마루한  살코기  스팸,통조림
하루담은 정통 티백 83입,커피/차
하루담은 프리미엄 웨하스 12봉,과자/스낵
그린테이블 간편 떡볶이,즉석밥/간편식
달래마을  신상품  비빔면  110g,라면류
미소원 인기 참치캔 5개입,통조림
[1+1] 온담 리뉴얼 500g X3,시리얼/영양바
달래마을 국산 2캔 실온보관,통조림
한결식품 가정용 라떼 13개입 (국내산),유제품
온담 수제 라볶이 4개입,라면류
마루한 가정용 젤리 12개입 2+1,과자/스낵
예담원 실속 카레 450g,소스/조미료
본가정성 매운 복숭아통조림 7개입,통조림
본가정성 정통 번데기 160g 증량 (수입산),통조림
오늘의밥상 국내산 감자칩 4봉,과자/스낵
 하루담은_왕뚜껑 라면 110g ,라면류
달래마을 치즈 젤리,과자/스낵
하루담은 무설탕 생크림 110g,유제품
청우가  불고기  짜장면  110g,라면류
포미 달콤한 팝콘 150g,과자/스낵
[무료배송] 오늘의밥상 아몬드 그래놀라 670g,커피/차
청우가_콜드브루 홍차 280g,커피/차
[1+1] 예담원 리뉴얼 라떼,커피/차
청우가 정통 라볶이,라면류
온담 실속 카레 6개입,즉석밥/간편식
온담 국내산 라볶이 1컵,라면류
마루한  3분  국밥  1인분  증량,즉석밥/간편식
 온담 대용량 생크림 240ml ,유제품
델리코 국내산 라면,라면류
미소원_콜드브루 녹차 560g,커피/차
하루담은  가정용  티백  360ml,커피/차
산들바람  바삭  파이  11개입,과자/스낵
마루한_리뉴얼 케첩 1180ml,소스/조미료
본가정성 실속 카레분말 1120g (소포장),소스/조미료
[오늘출발] 하루담은 불고기 쌀국수 110g,라면류
 델리코  프리미엄  요거트 ,유제품
오늘의밥상 정통 번데기 5개입,통조림
본가정성 대용량 누룽지,즉석밥/간편식
미소원  무가당  곡물음료,음료
온담 허니버터 쿠키,과자/스낵
포미 정통 라떼 260ml,커피/차
델리코  왕뚜껑  비빔면  5개입,라면류
포미 국산 옥수수캔 350g,통조림
 하루담은 슬라이스 연유 390g ,유제품
마루한 리뉴얼 9개입 X3,시리얼/영양바
마루한 딸기 파이 3봉,과자/스낵
달래마을 오리지널 팝콘 380g x2,과자/스낵
예담원  가공  420ml  NEW,유제품
[무료배송] 하루담은 치즈 파이 NEW,과자/스낵
예담원  프리미엄  아메리카노,커피/차
 델리코 수제 이온음료 NEW ,음료
본가정성 디카페인 라떼 47입 (수입산),커피/차
예담원 프리미엄 죽 7개입,과자/스낵
예담원_콜드브루 보리차 330ml X3,커피/차
 그린테이블 국내산 초코바 ,과자/스낵
한결식품 플레인 요거트 82g 실온보관,유제품
달래마을 신상품 비빔면 3컵,라면류
한결식품 정통 칼국수 4개입 (소포장),라면류
마루한 매운,소스/조미료
그린테이블 오렌지 탄산수 1L,음료
달래마을_디카페인 라떼 77입,커피/차
산들바람 가정용 쌀국수 1컵,라면류
[무료배송] 델리코 견과 오트밀,시리얼/영양바
[1+1] 한결식품 오리지널 번데기 6캔,통조림
하루담은 선물용 라떼 9개입,유제품
달래마을 우유 라떼 68입 NEW (소포장),커피/차
포미_스틱 녹차 350ml NEW,커피/차
[무료배송] 델리코 국내산 라떼,커피/차
[행사] 청우가 가정용 1530ml,소스/조미료
그린테이블 실속 식초 1640ml,소스/조미료
델리코_복숭아 생수 기획,음료
델리코_수제 칼국수 5개입 2+1,라면류
그린테이블  인기  칼국수  100g,라면류
미소원_무가당 탄산수 750ml X3,음료
본가정성 가정용 요거트 7개입,과자/스낵
그린테이블 오리지널 누룽지 280g,과자/스낵
온담 가정용 볶음밥 7개입,냉동식품
온담 리뉴얼 요구르트 97g,유제품
한결식품 신상품 스팸 3개입,통조림
델리코 가정용 치즈스틱,과자/스낵
 오늘의밥상 정통 식초 10포 ,소스/조미료
청우가 레몬 식혜 1L,음료
미소원 제로 주스 1130ml,음료
산들바람 딸기 요거트,유제품
미소원 전복 카레 8개입,즉석밥/간편식
그린테이블 인기 만두 970g 실온보관,냉동식품
포미  달콤한  라떼,커피/차
 미소원 오리지널 케첩 ,소스/조미료
달래마을_해물 라볶이 4컵 실온보관,라면류
본가정성 매운 라면 2컵,라면류
본가정성 불고기 라볶이 5개입,라면류
[무료배송] 미소원 정통 탄산음료 870ml,음료
델리코 스틱 믹스커피 240g,커피/차
본가정성_대용량 곡물음료 1L 2+1,음료
델리코 실속 새우튀김 9개입,냉동식품
한결식품_초코 11개입,과자/스낵
 예담원 달콤한 티백 480ml (수입산) ,커피/차
예담원 선물용 라면 2컵 2+1,라면류
미소원 선물용 비빔면,라면류
델리코 볶은 티백 240ml (수입산),커피/차
오늘의밥상_정통 칼국수,라면류
 [행사] 그린테이블 포도 생수 5페트 ,음료
미소원_저염 간장 10포 2+1,소스/조미료
[행사] 미소원 신상품 2박스,시리얼/영양바
포미 리뉴얼 만두 630g,냉동식품
온담 오리지널 라볶이 2컵 증량,라면류
한결식품  블랙  믹스커피  830g,커피/차
오늘의밥상 김치 라볶이,라면류
예담원  플레인  우유,유제품
[1+1] 청우가 새우 군만두 2봉,냉동식품
미소원 신상품 카레 770ml,소스/조미료
[1+1] 그린테이블 불고기 비빔면,라면류
예담원 정통 요거트 NEW,유제품
하루담은_국내산 단백질바 210g,시리얼/영양바
온담 가정용 크래커 18개입,과자/스낵
 포미  선물용  초코바  62g ,과자/스낵
하루담은 수제 복숭아통조림 1캔,통조림
한결식품 매운 골뱅이 4개입,통조림
[행사] 한결식품 국내산 아메리카노 400ml,커피/차
미소원  오리지널  누룽지  270g,즉석밥/간편식
[행사] 미소원 저염 고추장 830ml,소스/조미료
 [행사] 오늘의밥상 짜장 130g ,라면류
본가정성 신상품 파이 7개입,과자/스낵
[1+1] 산들바람 가정용 핫도그 6개입,냉동식품
하루담은_프로틴 오트밀 1박스,시리얼/영양바
그린테이블 정통 떡볶이 4봉,냉동식품
오늘의밥상 디카페인,커피/차
청우가  리뉴얼  된장,소스/조미료
델리코 허니버터 크래커,과자/스낵
 미소원 왕 치킨너겟 3봉 ,냉동식품
[무료배송] 본가정성 인기 라볶이 4개입,라면류
청우가 저지방 버터 13개입,유제품
오늘의밥상 치즈 칼국수 110g (국내산),라면류
 산들바람  인기  스팸  1캔 ,통조림
달래마을 야채 꽁치통조림 x2,통조림
청우가  정통  젤리  11개입  X3,과자/스낵
예담원 국내산 우유 (소포장),유제품
오늘의밥상 무설탕 13개입 기획,유제품
본가정성 수제 아메리카노 730g,커피/차
온담 프리미엄 곡물음료 3페트,음료
마루한_오리지널 스낵 기획,과자/스낵
[1+1] 본가정성 수제 누룽지 2+1,과자/스낵
예담원  볶은  홍차  31입,커피/차
포미  불고기  짜장면  140g  x2,라면류
포미 사골 비빔면 120g,라면류
본가정성 딸기 곡물음료 8개입,시리얼/영양바
오늘의밥상_견과 그래놀라,시리얼/영양바
델리코 실속 우동 4개입,라면류
달래마을 치즈 감자칩 7개입,과자/스낵
예담원 살코기 번데기 4개입 (국내산),통조림
 마루한  소고기  짜장밥  3인분 ,즉석밥/간편식
그린테이블 달콤한 녹차 440ml,커피/차
온담 불고기 쌀국수 5개입,라면류
포미 된장 라볶이,라면류
예담원 실속 라떼 4개입 (대용량),유제품
오늘의밥상 그릭 라떼 110g (국내산),유제품
예담원 가정용 식혜 2L (수입산),음료
포미 플레인 800ml NEW,유제품
청우가 신상품 연유 680ml X3,통조림
온담 블랙 아메리카노 330g,커피/차
하루담은 딸기 단백질바 11개입 x2,시리얼/영양바
[행사] 본가정성 재래식 카레 1320ml,소스/조미료
청우가 먹태 젤리 13개입,과자/스낵
 하루담은 재래식 식초 7포 (소포장) ,소스/조미료
 산들바람 간편 컵밥 2인분 (대용량) ,즉석밥/간편식
그린테이블 불고기 만두 18개입,냉동식품
[1+1] 마루한 인기 요거트 증량,유제품
마루한  매운  골뱅이  360g,통조림
산들바람_수제 피자 1110g,냉동식품
오늘의밥상 전복 카레 기획,즉석밥/간편식
델리코 그릭 우유,유제품
미소원 블랙 원두 960g,커피/차
[행사] 달래마을 오리지널 크래커 7개입 증량,과자/스낵
온담_신상품 꽁치통조림 8개입,통조림
산들바람 치즈 치킨너겟 12개입 X3 (국내산),냉동식품
하루담은 리뉴얼 번데기 7개입 (국내산),통조림
청우가 양조 케첩 350g,소스/조미료
한결식품 인기 감자칩 2봉,과자/스낵
예담원 리뉴얼 탄산음료 실온보관,음료
달래마을_신상품 보리차 600g,커피/차
마루한 얼큰 쌀국수 1컵,라면류
오늘의밥상  신상품  치즈  880ml,유제품
본가정성 대용량 핫도그 970g,냉동식품
예담원 재래식 참기름 8포 x2,소스/조미료
오늘의밥상 오리지널 누룽지 20개입 기획,과자/스낵
미소원 매운 칼국수 99g,라면류
그린테이블 김치 라면 130g,라면류
청우가 수제 치즈 270ml,유제품
 산들바람 수제 ,커피/차
 본가정성_신상품 팝콘 x2 ,과자/스낵
[오늘출발] 오늘의밥상 대용량 녹차 370ml,커피/차
본가정성 무가당 이온음료 860ml,음료
델리코 바삭 누룽지 20개입,과자/스낵
 [1+1] 하루담은 정통 크래커 X3 ,과자/스낵
[오늘출발] 온담 실속 케첩 2포,소스/조미료
 본가정성 가공 ,유제품
미소원 블랙 카페라떼,커피/차
산들바람_리뉴얼 누룽지 130g,과자/스낵
예담원 가정용 피자 18개입 증량,냉동식품
델리코_정통 카레 4포,소스/조미료
산들바람_불고기 간장 2포 NEW,소스/조미료
 하루담은  정통  고추장  650g ,소스/조미료
미소원 인기 돈까스 2봉 X3,냉동식품
본가정성 국내산 920ml (소포장),유제품
미소원 국산콩 카레 1360g,소스/조미료
델리코 국내산 원두 51입,커피/차
청우가 저칼로리 생수 870ml (국내산),음료
미소원_살코기 번데기 4개입,통조림
델리코  선물용  즉석밥  3개입,즉석밥/간편식
본가정성  복숭아  생수  12페트,음료
델리코 오리지널 컵라면 2컵,라면류
포미  사골  비빔면  X3,라면류
온담 치즈 컵라면 92g,라면류
온담 왕 새우튀김 14개입,냉동식품
델리코 국내산 라떼,커피/차
[행사] 미소원 프로틴 오트밀 3박스,시리얼/영양바
델리코 복숭아 주스 460ml x2,음료
하루담은  무가당  곡물음료  16페트,음료
온담 가정용 국밥 1인분,즉석밥/간편식
포미 정통 꽁치통조림 5캔,통조림
한결식품 수제 라볶이 5개입,라면류
[행사] 달래마을 실속 원두,음료
하루담은 불고기 케첩 5포 2+1,소스/조미료
오늘의밥상 가정용 곡물음료 5페트,음료
미소원 된장 짜장면,라면류
[1+1] 산들바람 매운 식초 320g,소스/조미료
온담 선물용 생크림 110g,유제품
[1+1] 포미 대용량 아메리카노,커피/차
오늘의밥상 양조 식초 720ml,소스/조미료
그린테이블 선물용 요구르트 390g x2,유제품
본가정성 리뉴얼 파이,과자/스낵
오늘의밥상 콜드브루 원두 860g 실온보관 (국내산),커피/차
한결식품_가정용 71입,커피/차
산들바람  신상품  누룽지  1봉  증량,과자/스낵
한결식품 복숭아 에이드 9페트 NEW,음료
달래마을 그릭 라떼 8개입,유제품
포미 리뉴얼 팝콘 200g X3,과자/스낵
[오늘출발] 산들바람 양조 330g,소스/조미료
미소원 수제 번데기 (국내산),통조림
포미  재래식  간장  2포  X3,소스/조미료
달래마을 국내산 누룽지,과자/스낵
오늘의밥상 국내산 즉석밥 10개입,즉석밥/간편식
온담 인기 스팸 6개입,통조림
 [무료배송] 하루담은 얼큰 컵라면 ,라면류
청우가 치즈 볶음밥 1봉,냉동식품
오늘의밥상 가정용 티백,커피/차
달래마을 국내산 740ml,유제품
온담 딸기 누룽지,과자/스낵
온담  실속  간장  960ml,소스/조미료
[무료배송] 달래마을 불고기 비빔면 실온보관,라면류
포미 국내산 라떼 350ml,커피/차
[무료배송] 달래마을 인기 마요네즈 3포 X3,소스/조미료
달래마을 치즈 치즈스틱 NEW,통조림
본가정성  리뉴얼  이온음료  10페트,음료
[오늘출발] 청우가 대용량 떡볶이 14개입 증량,냉동식품
한결식품 프리미엄 곡물음료 7개입,시리얼/영양바
포미 복숭아 식혜 2L,음료
그린테이블 수제 카레 900ml,소스/조미료
달래마을 수제 생크림 680ml (대용량),유제품
산들바람_스틱 홍차 NEW,커피/차
그린테이블 야채 복숭아통조림,통조림
델리코 대용량 라면 5개입,라면류
산들바람 저칼로리 탄산음료 1L,음료
[1+1] 델리코 가정용 녹차 360g,커피/차
 온담  가정용  초코바  23개입 ,라면류
하루담은_오리지널 비빔면 120g,라면류
델리코 콜드브루 홍차 960g,커피/차
 포미 불고기 된장 ,소스/조미료
델리코  무설탕  생크림,유제품
본가정성  리뉴얼  곡물음료  1L,음료
달래마을 프리미엄 스팸,통조림
온담  리뉴얼  치즈스틱,과자/스낵
산들바람 오리지널 쿠키,과자/스낵
청우가  우유  에너지바  1박스  증량,시리얼/영양바
산들바람 매운 마요네즈 1300g 기획,소스/조미료
달래마을 정통 요거트 800ml,유제품
달래마을 인기 골뱅이 10캔,통조림
[1+1] 오늘의밥상 볶은 라떼 340ml,커피/차
온담 프리미엄 팝콘 (소포장),과자/스낵
 달래마을 양조 1110ml (수입산) ,소스/조미료
온담 정통 탄산음료,음료
 온담 리뉴얼 만두 ,냉동식품
하루담은 신상품 핫도그 4봉,냉동식품
한결식품  실속  번데기  180g,통조림
오늘의밥상 선물용 비빔면 110g 증량 (국내산),라면류
[행사] 포미 바삭 초코바 18개입,과자/스낵
온담 수제 믹스커피,커피/차
달래마을 저염 카레 1440g,소스/조미료
오늘의밥상 양조 된장 (대용량),소스/조미료
본가정성 국산 꽁치통조림 12캔 (소포장),통조림
본가정성 리뉴얼 연유,유제품
델리코 리뉴얼 티백,커피/차
마루한  가정용  소금  5포  X3,소스/조미료
 [1+1] 마루한 사골 4개입 ,라면류
예담원  오리지널  곡물음료  1L,음료
본가정성 블랙 라떼,커피/차
본가정성  현미  누룽지  4인분,즉석밥/간편식
포미 바삭한 볶음밥 (국내산),냉동식품
산들바람 프리미엄 소금 2포,소스/조미료
산들바람_레몬 이온음료,음료
포미 리뉴얼 레토르트 1인분,즉석밥/간편식
한결식품 딸기 누룽지 2+1,과자/스낵
포미 레몬 주스,음료
청우가 신상품 생크림,유제품
본가정성 국산콩 6포 X3,소스/조미료
온담 대용량 복숭아통조림 240g,통조림
미소원 사골 비빔면 140g,라면류
온담  가정용  식초  1040g,소스/조미료
본가정성 프리미엄 참기름 330g,소스/조미료
하루담은 먹태 스낵 12봉,과자/스낵
온담 신상품 컵라면 4개입,라면류
달래마을 수제 카페라떼 610g (대용량),커피/차
 산들바람 오리지널 비빔면 120g x2 ,라면류
달래마을  대용량  비빔면  6컵,라면류
 본가정성 리뉴얼 감자칩 14개입 ,과자/스낵
예담원 신상품 볶음밥 4봉 x2,냉동식품
마루한  국내산  옥수수캔  증량,통조림
 미소원 오렌지 곡물음료 1L ,음료
예담원  짜장  짜장면  120g,라면류
오늘의밥상 초코 팝콘 1봉,과자/스낵
예담원 대용량 보리차 99입,커피/차
[1+1] 예담원 오렌지 곡물음료,음료
델리코 가정용 카레 X3,소스/조미료
미소원 선물용 720g X3,소스/조미료
청우가 불고기 짜장면,라면류
오늘의밥상 국내산 이온음료 11페트 X3,음료
오늘의밥상_가정용 짜장밥 1인분,즉석밥/간편식
달래마을 오리지널 라면 110g 기획,라면류
예담원 정통 참치캔 180g,통조림
본가정성 인기 짜장면 4컵,시리얼/영양바
청우가 치즈 라면 6컵,라면류
델리코 가정용 파이 1봉 2+1,과자/스낵
그린테이블  인기  요구르트,유제품
산들바람 새우 군만두 15개입 기획,냉동식품
그린테이블 수제 크래커 15개입,과자/스낵
마루한 대용량 파이 66g,과자/스낵
본가정성 레몬 이온음료,음료
[1+1] 본가정성 리뉴얼 누룽지 3봉,과자/스낵
 오늘의밥상 대용량 이온음료 1690ml ,음료
달래마을 대용량 덮밥 1인분,즉석밥/간편식
본가정성 선물용,라면류
 미소원 오리지널 초코바 57g ,과자/스낵
온담 대용량 탄산수 1500ml,음료
산들바람_인기 카레,소스/조미료
예담원 고기 치킨너겟 18개입,냉동식품
산들바람_딸기 스낵 20개입,커피/차
하루담은 무가당 생수 860ml (수입산),소스/조미료
[무료배송] 청우가 디카페인 아메리카노 830g,커피/차
 델리코 오리지널 생크림 870ml ,유제품
오늘의밥상 해물 비빔면 3컵,라면류
오늘의밥상 야채 골뱅이,통조림
한결식품 실속 탄산음료 1220ml 기획,음료
 한결식품 된장 비빔면 5개입 기획 (대용량) ,라면류
청우가  대용량  컵라면  5개입,라면류
온담 가정용 볶음밥 510g,냉동식품
 청우가 리뉴얼 치즈 810ml NEW ,유제품
[무료배송] 한결식품 신상품 골뱅이 5개입,통조림
산들바람  짜장  비빔면  5컵,라면류
포미 저염 간장 9포 기획,소스/조미료
 산들바람 얼큰 비빔면 (대용량) ,라면류
온담  가정용  곡물음료  950ml,음료
예담원 선물용 떡볶이 (수입산),냉동식품
온담 실속 믹스커피 250ml,커피/차
마루한  신상품  카레  8개입,즉석밥/간편식
 마루한 리뉴얼 참치캔 140g NEW ,통조림
델리코  인기  우동  4개입,라면류
[행사] 산들바람 가공 치즈 11개입,유제품
델리코_대용량 짜장면 94g,라면류
산들바람 프리미엄 단백질바 2+1,시리얼/영양바
본가정성 대용량 우유,유제품
예담원_고기 핫도그 4봉,냉동식품
 [무료배송] 달래마을 신상품 라떼 430ml 증량 ,유제품
[1+1] 예담원 실속 요구르트 6개입 X3,유제품
[무료배송] 본가정성 프리미엄 소금 9포 NEW,소스/조미료
한결식품 불고기 핫도그 800g,냉동식품
[무료배송] 오늘의밥상 수제 즉석밥 5개입,즉석밥/간편식
 한결식품 국내산 ,통조림
산들바람 프리미엄 에이드 x2,음료
그린테이블 김치 우동 92g,라면류
온담_김치 4봉,냉동식품
하루담은  선물용  마요네즈  1010ml,소스/조미료
온담 대용량 떡볶이 2봉,냉동식품
[1+1] 한결식품 매운 카레분말,소스/조미료
미소원 왕뚜껑 라볶이 1컵,라면류
하루담은 딸기 초코바 23개입,과자/스낵
포미 김치 우동,라면류
[오늘출발] 본가정성 초코 누룽지 12개입,과자/스낵
청우가 무설탕 요구르트 x2 (수입산),유제품
한결식품_바삭 웨하스 11봉,과자/스낵
산들바람 대용량 복숭아통조림,통조림
산들바람 신상품 에이드 570ml NEW,음료
포미 신상품 쿠키,과자/스낵
[행사] 산들바람 국내산 팝콘 실온보관,과자/스낵
[무료배송] 청우가 수제 꽁치통조림 230g,통조림
[행사] 포미 리뉴얼 마요네즈 770ml,소스/조미료
예담원  견과  오트밀  2박스,시리얼/영양바
산들바람  소고기  즉석밥  12개입  실온보관,즉석밥/간편식
청우가 복숭아 탄산수 2L NEW,음료
산들바람 실속 골뱅이 390g,통조림
[행사] 포미 블랙 녹차,라면류
하루담은_달콤한,커피/차
 그린테이블  사골  짜장면  4개입 ,라면류
 하루담은 치즈 팝콘 ,과자/스낵
미소원 수제 1L,음료
예담원_오리지널 라떼 340g,유제품
하루담은 선물용 5컵 (국내산),라면류
미소원 프리미엄 감자칩 9개입,과자/스낵
한결식품 저지방 요구르트,라면류
산들바람 햇반 2+1,즉석밥/간편식
온담 대용량 즉석밥 (수입산),즉석밥/간편식
예담원 재래식 식초 5포 (국내산),소스/조미료
미소원  정통  참치캔,통조림
본가정성 가정용 760g,소스/조미료
미소원 정통 돈까스 700g,냉동식품
포미  신상품  간장  7포,소스/조미료
[1+1] 미소원 수제 짜장면 4개입,라면류
한결식품 매운 컵라면 4개입,라면류
미소원 신상품 치즈 10개입,유제품
예담원 매운 골뱅이 280g (국내산),통조림
청우가  콜드브루  470ml,커피/차
달래마을 대용량 우동 140g,라면류
 오늘의밥상 초코 팝콘 2봉 (수입산) ,과자/스낵
온담 플레인 요구르트 410g 2+1,유제품
본가정성 프리미엄 우동 5개입,라면류
그린테이블 견과 시리얼 6개입,시리얼/영양바
산들바람  인기  고추장  9포,소스/조미료
미소원 오리지널 번데기 140g NEW,통조림
마루한 콜드브루 원두 430ml,커피/차
온담 국내산 레토르트 기획,라면류
그린테이블  가정용  요거트  320g  기획,유제품
달래마을 스틱 보리차 350ml (국내산),커피/차
그린테이블 달콤한 라떼 (대용량),커피/차
하루담은  왕뚜껑  라면  110g,라면류
한결식품 콜드브루,커피/차
오늘의밥상 무가당 주스 1L,과자/스낵
하루담은 대용량 마요네즈,소스/조미료
델리코 사골 우동 5개입 NEW,라면류
 포미 해물 컵라면 5개입 ,라면류
온담 달콤한 원두 880g 실온보관,커피/차
그린테이블 야채 참치캔 4개입,통조림
 본가정성_인기 골뱅이 ,통조림
 달래마을 오리지널 파이 12봉 실온보관 ,과자/스낵
그린테이블 스틱 라떼 700g,커피/차
마루한 불고기 비빔면 110g,라면류
달래마을  오리지널  곡물음료  2L,음료
오늘의밥상 매운 카레 2포,소스/조미료
 산들바람_매운 우동 5개입 ,소스/조미료
본가정성 가정용 카레분말 880ml,소스/조미료
달래마을 수제 치킨너겟 1030g,냉동식품
 산들바람 인기 요거트 160g ,유제품
포미 정통 떡볶이 380g NEW,냉동식품
델리코 허니버터 치즈스틱,과자/스낵
그린테이블 실속 쌀국수 5개입 (수입산),라면류
한결식품 햇반 카레,즉석밥/간편식
포미  프리미엄  에이드  23페트  실온보관,음료
산들바람  오렌지  주스,음료
마루한  바삭  크래커  1봉,과자/스낵
산들바람_햇반 즉석밥,즉석밥/간편식
 그린테이블 신상품 17페트 ,음료
마루한 리뉴얼 옥수수캔 220g,통조림
본가정성 수제 460ml,커피/차
청우가  불고기  치킨너겟  740g,냉동식품
 달래마을 포도 식혜 실온보관 ,음료
 델리코_정통 카페라떼 2+1 ,커피/차
오늘의밥상 프리미엄 치즈,유제품
온담 인기 주스 18페트 기획,음료
마루한  프리미엄  컵라면,라면류
델리코  선물용  카레  1520ml,소스/조미료
산들바람 신상품 생크림 680ml 기획,유제품
달래마을 양조 소금 10포 기획,소스/조미료
본가정성 인기 칼국수 2컵 기획 (국내산),라면류
온담 3분 6개입,즉석밥/간편식
미소원  신상품  티백  360ml,커피/차
[1+1] 온담 국내산 680g 2+1,냉동식품
포미  새우  치킨너겟  3봉,냉동식품
청우가 매운 소금 10포,소스/조미료
달래마을 신상품 크래커 6봉 NEW,과자/스낵
 달래마을 제로 ,음료
달래마을 치즈 짜장면 2컵,라면류
[행사] 포미 콜드브루 티백 410g,커피/차
[1+1] 산들바람 신상품 식혜,음료
[오늘출발] 마루한 먹태 크래커 12봉,과자/스낵
 온담_인기 쿠키 170g ,과자/스낵
산들바람 선물용 라볶이 130g,라면류
 청우가  국내산  쌀국수  4개입 ,라면류
산들바람 대용량 누룽지 12개입,과자/스낵
미소원_리뉴얼 9개입,유제품
 온담 선물용 1봉 ,냉동식품
미소원_고추 번데기 230g x2,통조림
[오늘출발] 그린테이블 달콤한 누룽지,통조림
 한결식품 오리지널 1L 증량 ,음료
본가정성 매운 짜장면 140g,과자/스낵
델리코 먹태 팝콘 12봉,과자/스낵
청우가  오리지널  케첩  증량,소스/조미료
 그린테이블 국내산 요구르트 370ml ,유제품
마루한  가정용  번데기  6개입,통조림
[1+1] 온담 수제 치즈스틱,과자/스낵
델리코 리뉴얼 12개입,유제품
달래마을 왕뚜껑 컵라면 90g,라면류
[1+1] 하루담은 국내산 복숭아통조림 320g,통조림
본가정성_국내산 케첩 1790ml 2+1,소스/조미료
하루담은 사골 100g,라면류
한결식품 오리지널 파이,과자/스낵
 한결식품 불고기 ,라면류
예담원 인기 라떼,유제품
본가정성 오리지널 골뱅이 320g,통조림
달래마을 바삭한 군만두 16개입 (소포장),냉동식품
미소원_신상품 비빔면 6컵 2+1,라면류
포미  프리미엄  카레  1130g,소스/조미료
[오늘출발] 예담원 대용량 마요네즈 1380g,소스/조미료
미소원 그릭 연유 5개입,유제품
[1+1] 델리코 대용량 믹스커피 98입,커피/차
그린테이블 왕 치킨너겟 17개입,냉동식품
본가정성 불고기 짜장면,라면류
마루한 오리지널 식초 1610ml (국내산),소스/조미료
포미 새우 군만두 4봉,냉동식품
[오늘출발] 산들바람 신상품 믹스커피,커피/차
마루한 저지방 라떼,유제품
[행사] 온담 선물용 라면 5컵,라면류
 포미 인기 식혜 1L ,라면류
델리코 선물용 연유 270g,유제품
달래마을 국내산 우동 6컵 (국내산),라면류
포미  리뉴얼  짜장면  x2,라면류
 청우가 선물용 4개입 ,라면류
오늘의밥상 콜드브루 실온보관,커피/차
[행사] 델리코 신상품 식초 860ml,소스/조미료
달래마을 선물용 누룽지 8개입,과자/스낵
포미 대용량 라면 6컵,라면류
청우가 대용량 연유 (수입산),유제품
 델리코_선물용 간장 ,소스/조미료
하루담은  인기  카레분말  1170g,소스/조미료
그린테이블_리뉴얼 라떼 300ml,유제품
포미 초코 단백질바 880g,시리얼/영양바
하루담은 블랙 400g,커피/차
하루담은 가정용 웨하스 10개입 NEW,과자/스낵
한결식품 불고기 4컵,라면류
델리코  가정용  번데기  4캔,통조림
온담  사골  비빔면  97g,라면류
그린테이블 디카페인 라떼 350g,커피/차
하루담은 신상품 치즈스틱 (국내산),과자/스낵
온담 대용량 1080ml (대용량),음료
[오늘출발] 그린테이블 사골 컵라면 5개입 x2,라면류
[무료배송] 예담원 리뉴얼 라면 4개입,음료
 달래마을 오렌지 생수 ,음료
미소원 재래식 카레 1540ml 증량,소스/조미료
[행사] 하루담은 고기 핫도그,냉동식품
 포미  가정용  에이드  24페트 ,음료
오늘의밥상 김치 짜장면 4컵 NEW,라면류
포미 선물용 컵라면 3컵 기획,유제품
오늘의밥상 달콤한 티백,커피/차
미소원 프리미엄 초코바 8개입 (수입산),과자/스낵
한결식품 프로틴 시리얼 12개입,시리얼/영양바
마루한 프리미엄 카레 10포 증량,소스/조미료
본가정성 선물용 라볶이,라면류
 델리코 신상품 2페트 ,음료
본가정성 실속 요구르트 1000ml,유제품
델리코 신상품 곡물음료 280g (대용량),시리얼/영양바
예담원 콜드브루 보리차,커피/차
 산들바람 국내산 쌀국수 5개입 ,라면류
청우가  대용량  곡물음료  증량,음료
포미 짜장 라면 4개입,라면류
포미 짜장 컵라면,라면류
한결식품 레몬 생수 1L,음료
[행사] 달래마을 복숭아 주스 360ml NEW,음료
한결식품 대용량 간장 1140ml 기획 (소포장),소스/조미료
본가정성 정통 파이 11봉 NEW,과자/스낵
오늘의밥상_국내산 티백 68입,커피/차
한결식품 블랙 믹스커피 140g,커피/차
온담 정통 죽 2인분 NEW,즉석밥/간편식
델리코  바삭  쿠키  6봉,과자/스낵
달래마을 고소한,소스/조미료
그린테이블 저칼로리 식혜 2L 2+1,음료
그린테이블_프리미엄 파이 16개입,과자/스낵
본가정성 대용량 탄산음료 580ml,음료
[오늘출발] 예담원 해물 칼국수 기획,라면류
달래마을_선물용 고추장 670ml 실온보관,소스/조미료
온담 짜장 5컵,라면류
본가정성 치즈 파이 9봉 (대용량),과자/스낵
마루한 국내산 파이 1봉 X3,과자/스낵
 본가정성_초코 그래놀라 2박스 ,과자/스낵
예담원_수제 덮밥 1인분 기획,즉석밥/간편식
하루담은 딸기 웨하스 NEW,과자/스낵
온담 수제 라떼 6개입,유제품
청우가 수제 파이 (수입산),과자/스낵
온담 프리미엄 실온보관 (국내산),통조림
온담 제로 주스 1L (국내산),음료
청우가 선물용 복숭아통조림 270g 실온보관,통조림
달래마을  리뉴얼  팝콘  6봉,과자/스낵
본가정성 인기 라떼,커피/차
[행사] 온담 플레인 라떼,유제품
하루담은_리뉴얼 연유 290g,유제품
그린테이블  얼큰  우동  4개입,라면류
청우가_국내산 치즈스틱 16개입,냉동식품
[행사] 산들바람 수제 8봉,과자/스낵
예담원 불고기 1490ml (수입산),소스/조미료
한결식품  정통  스팸,통조림
포미 무가당 곡물음료 20페트,음료
본가정성 새우 치즈스틱 1130g,냉동식품
포미 왕뚜껑 라볶이 5컵,라면류
미소원  왕뚜껑  짜장면  92g  2+1,라면류
미소원  국내산  즉석밥  260g,즉석밥/간편식
하루담은 오리지널 팝콘 6개입 (국내산),과자/스낵
[오늘출발] 산들바람 저지방 생크림,유제품
[무료배송] 미소원 제로 탄산음료 18페트,음료
달래마을 왕뚜껑 라볶이 6컵,라면류
달래마을  프리미엄  쌀국수  120g,라면류
한결식품  치즈  팝콘  19개입  2+1,과자/스낵
오늘의밥상_매운 간장,소스/조미료
하루담은 플레인 버터 100g x2,유제품
 달래마을  실속  이온음료  2L ,음료
 달래마을 수제 식초 7포 기획 ,소스/조미료
산들바람_선물용 스팸,통조림
오늘의밥상 포도 곡물음료 x2,음료
[1+1] 델리코 불고기 카레 X3,소스/조미료
[오늘출발] 예담원 오리지널 라면,라면류
청우가 초코 (대용량),과자/스낵
청우가 인기 17개입,과자/스낵
 오늘의밥상 플레인 요구르트 480g ,유제품
미소원 불고기 비빔면 110g,라면류
청우가 인기 곡물음료 3박스 (수입산),시리얼/영양바
한결식품  국내산  요거트  5개입,유제품
델리코  국내산  치즈  증량,유제품
청우가 치즈 라볶이 100g 2+1,라면류
미소원_제로 생수 6페트,음료
청우가 정통 라볶이,라면류
달래마을 수제 치즈 830ml (소포장),유제품
마루한 딸기 쿠키,과자/스낵
본가정성 가정용 고추장 2포,소스/조미료
청우가 국내산 카페라떼 250ml,커피/차
예담원 복숭아 5페트,음료
[1+1] 달래마을 선물용 번데기 기획,통조림
오늘의밥상 치즈 우동 4개입,라면류
[행사] 마루한 가공 라떼 730ml,유제품
[1+1] 청우가 오리지널 아메리카노 87입 기획,커피/차
청우가 우유 콘프레이크 8개입,시리얼/영양바
산들바람  가공  우유  920ml  기획,유제품
 온담 수제 고추장 5포 기획 ,소스/조미료
 달래마을 딸기 라떼 10개입 ,과자/스낵
포미  수제  탄산음료  X3,음료
청우가 선물용 젤리 6개입,라면류
청우가_국내산 만두 18개입,냉동식품
오늘의밥상_달콤한 450ml,커피/차
청우가 매운 칼국수 5개입,라면류
[행사] 청우가 사골 쌀국수 5개입,라면류
예담원_실속 칼국수 NEW,라면류
본가정성 대용량 콘프레이크 5개입 NEW,라면류
온담  레몬  주스  3페트,음료
하루담은 우유 라떼 330g,커피/차
오늘의밥상 가정용 생크림,유제품
산들바람_신상품 크래커 X3,과자/스낵
[오늘출발] 청우가 리뉴얼 크래커 3봉 NEW,과자/스낵
마루한 리뉴얼 티백 950g,커피/차
포미  신상품  4개입,통조림
오늘의밥상 정통 팝콘 24개입,과자/스낵
오늘의밥상 정통 웨하스,과자/스낵
[1+1] 마루한 선물용,즉석밥/간편식
 델리코  딸기  7개입  실온보관 ,과자/스낵
 하루담은 가정용 (수입산) ,과자/스낵
산들바람_선물용 스팸,통조림
온담 프리미엄 간장,소스/조미료
[무료배송] 예담원 매운,라면류
그린테이블 선물용 치즈 실온보관,유제품
포미_포도 주스 21페트,음료
포미_신상품 컵라면 x2,라면류
예담원 수제 700g,커피/차
하루담은 프리미엄 초코바,과자/스낵
그린테이블 정통 홍차 390g (소포장),커피/차
[오늘출발] 오늘의밥상 슬라이스 버터 2+1,유제품
예담원 선물용 (국내산),커피/차
[오늘출발] 미소원 달콤한 카페라떼 55입,커피/차
산들바람 인기 아메리카노 X3,커피/차
산들바람 가정용 3봉 (소포장),냉동식품
청우가  얼큰  짜장면  92g,라면류
[행사] 그린테이블 무가당 탄산음료,음료
온담 가정용 에너지바 320g 증량,시리얼/영양바
[행사] 미소원 정통 원두 62입,과자/스낵
[1+1] 하루담은 정통 식혜 610ml,음료
하루담은 제로 곡물음료 18페트,음료
포미 가정용 스낵,과자/스낵
[행사] 달래마을 블랙 라떼 35입,커피/차
[오늘출발] 그린테이블 신상품 라면 5컵,라면류
청우가_국내산 에이드 18페트,음료
하루담은 오리지널 누룽지,과자/스낵
청우가 오리지널 티백 실온보관,커피/차
본가정성  프리미엄  참치캔,통조림
 청우가_고소한 카레분말 1010g ,소스/조미료
본가정성 국내산 라떼 520ml 증량,유제품
하루담은 수제 즉석밥 3인분,즉석밥/간편식
산들바람 국내산 감자칩,과자/스낵
한결식품_디카페인 보리차,커피/차
미소원  무설탕  라떼,유제품
[오늘출발] 본가정성 리뉴얼 원두 340ml 2+1,커피/차
 온담 대용량 홍차 490ml ,커피/차
마루한_살코기 복숭아통조림 300g,통조림
예담원_프리미엄 에이드 3페트,음료
한결식품 무가당 곡물음료,음료
 델리코_인기 아메리카노 증량 ,커피/차
그린테이블 김치 쌀국수 실온보관,라면류
마루한  리뉴얼  생크림  120g,유제품
오늘의밥상_가정용 볶음밥 기획,냉동식품
[1+1] 예담원 김치 컵라면,즉석밥/간편식
산들바람  실속  라볶이  4개입  x2,라면류
그린테이블 치즈 젤리 400g,과자/스낵
온담 프리미엄 탄산수 1L,음료
예담원 인기 번데기 10캔,통조림
 [1+1] 그린테이블 선물용 쌀국수 ,라면류
델리코  리뉴얼  라볶이  실온보관,라면류
달래마을 실속 된장 500g,소스/조미료
달래마을_실속 라면 x2,라면류
산들바람 얼큰 라볶이 1컵 NEW,라면류
그린테이블 대용량 라면 3컵 기획,라면류
청우가 무설탕 생크림 9개입,유제품
산들바람 오리지널 옥수수캔 5개입 2+1,통조림
예담원 인기 파이 2봉,과자/스낵
미소원 불고기 된장 1250g (대용량),소스/조미료
 포미_오리지널 스팸 8개입 ,통조림
 하루담은 선물용 오트밀 250g (수입산) ,시리얼/영양바
한결식품 무가당 탄산음료 3페트,음료
하루담은 대용량 라면 4컵,라면류
[행사] 예담원 오렌지 이온음료,음료
산들바람 저칼로리,음료
그린테이블 콜드브루 라떼 290g (소포장),커피/차
청우가 실속 번데기 210g 2+1,통조림
그린테이블 인기 쌀국수 5컵 실온보관,라면류
오늘의밥상 국산콩 고추장 880ml,소스/조미료
하루담은 사골 비빔면 2컵,라면류
미소원 가정용 홍차,커피/차
[오늘출발] 산들바람 리뉴얼 짜장면,라면류
온담 국내산 새우튀김 330g x2,냉동식품
본가정성 무가당 식혜 x2 (소포장),음료
델리코 딸기 치즈 증량,유제품
미소원 국내산 연유 13개입,유제품
온담 오리지널 170g,과자/스낵
산들바람 김치 칼국수 120g,시리얼/영양바
하루담은  정통  파이  19개입,과자/스낵
포미 초코,과자/스낵
포미 저칼로리 곡물음료 18페트 NEW,음료
[1+1] 산들바람 김치 우동 4개입 2+1,라면류
그린테이블 신상품 탄산음료,음료
오늘의밥상 프리미엄 죽 1인분,즉석밥/간편식
 한결식품 신상품 믹스커피 400ml ,커피/차
 그린테이블 수제 마요네즈 9포 ,소스/조미료
산들바람 인기 짜장면,라면류
예담원 수제 생수 560ml,음료
하루담은_실속 칼국수,라면류
예담원 매운 간장 5포,소스/조미료
본가정성 매운 짜장면 NEW,라면류
[무료배송] 마루한 정통 비빔면 4컵 2+1,통조림
[행사] 청우가 국내산 누룽지,과자/스낵
마루한 해물 비빔면 4개입,라면류
[1+1] 예담원 수제 10포,소스/조미료
[무료배송] 미소원 오리지널 팝콘,과자/스낵
오늘의밥상 달콤한 카페라떼 450ml,커피/차
청우가_달콤한 910g NEW,커피/차
[행사] 본가정성 국내산 카레,소스/조미료
[1+1] 산들바람 현미 즉석밥,즉석밥/간편식
예담원 정통 식혜 4페트 X3,음료
[무료배송] 청우가 디카페인 카페라떼 730g,커피/차
청우가  제로  곡물음료  15페트,음료
,즉석밥/간편식
 그린테이블 가정용 팝콘 280g (국내산) ,과자/스낵
그린테이블_가정용 라면,라면류
마루한 인기 카레 10포,소스/조미료
예담원 허니버터 누룽지 280g x2,과자/스낵
하루담은 오리지널 아메리카노 46입 증량 (소포장),커피/차
달래마을 실속 요구르트 13개입 증량,유제품
[1+1] 하루담은 우유 믹스커피 220ml 기획,커피/차
포미 인기 100g,라면류
산들바람 해물 라면,라면류
미소원 선물용 녹차 420ml 증량,커피/차
 예담원  국산콩  간장  1570ml ,소스/조미료
하루담은 왕뚜껑 칼국수,라면류
본가정성 대용량 초코바 10봉,과자/스낵
그린테이블 고소한 카레분말 620ml 실온보관,소스/조미료
 본가정성 가정용 라떼 13개입 ,유제품
온담_가정용 식혜,음료
 산들바람 복숭아 탄산수 1520ml x2 ,유제품
미소원 레몬 곡물음료 2L,음료
한결식품 정통 생수 1170ml,음료
예담원 리뉴얼 핫도그 (국내산),냉동식품
본가정성  제로  에이드  9페트  X3,음료
예담원 국내산 95g,라면류
그린테이블 짜장 컵라면 5컵,라면류
 미소원 초코 초코바 ,과자/스낵
 [오늘출발] 본가정성 야채 골뱅이 7캔 ,통조림
 [오늘출발] 온담 가정용 레토르트 440g 2+1 ,즉석밥/간편식
[행사] 하루담은 인기 새우튀김 5개입,냉동식품
델리코 선물용 치즈스틱 22개입,과자/스낵
마루한 매운 130g,라면류
온담 레몬 식혜 2+1,음료
[행사] 오늘의밥상 오리지널 웨하스,과자/스낵
델리코  프리미엄  녹차  480g,커피/차
산들바람 국내산 스낵 17개입,과자/스낵
 한결식품 포도 주스 1L ,음료
[1+1] 델리코 양조 마요네즈 2포,소스/조미료
온담  리뉴얼  2봉,냉동식품
오늘의밥상  국내산  생수  6페트  기획,음료
본가정성 오리지널 에이드 2L 기획 (수입산),음료
포미 양조 케첩 730ml,소스/조미료
그린테이블 정통 곡물음료 2L,음료
미소원 정통 치즈스틱 19개입 X3,냉동식품
본가정성 치즈 크래커 9봉,과자/스낵
예담원  새우  피자  3봉,냉동식품
예담원 프리미엄 볶음밥,냉동식품
[무료배송] 청우가 딸기 팝콘 22개입,과자/스낵
달래마을 해물 우동 4컵,라면류
마루한 초코 파이 11봉 (수입산),과자/스낵
 그린테이블 리뉴얼 단백질바 1박스 (대용량) ,시리얼/영양바
[1+1] 오늘의밥상 대용량 컵라면 100g,라면류
온담 김치 핫도그 800g 증량 (소포장),냉동식품
한결식품 인기 우동,라면류
산들바람 재래식 케첩,소스/조미료
미소원 수제 된장 700g,소스/조미료
산들바람 고소한 식초 370g,소스/조미료
델리코 플레인 830ml,유제품
오늘의밥상 제로 2L 기획,음료
하루담은 무가당 곡물음료 1030ml,음료
 달래마을_수제 파이 ,과자/스낵
한결식품 프로틴 오트밀 830g,시리얼/영양바
델리코  사골  짜장면,라면류
본가정성 실속 웨하스 160g (국내산),과자/스낵
하루담은 프리미엄 레토르트 340g,즉석밥/간편식
본가정성 국내산 (소포장),과자/스낵
포미 실속 된장,소스/조미료
산들바람 신상품 쌀국수 4개입,라면류
델리코 초코 스낵 99g 증량,과자/스낵
산들바람 달콤한 녹차 480ml 2+1,커피/차
마루한 가정용 칼국수 x2,라면류
청우가  정통  라떼,커피/차
[무료배송] 달래마을 신상품 치즈스틱 210g,과자/스낵
하루담은 국내산 쿠키 (국내산),과자/스낵
미소원 블랙 티백 240ml,커피/차
예담원 리뉴얼 아메리카노 210ml,커피/차
달래마을 프리미엄 생수 1L,음료
[행사] 한결식품 인기 라면,라면류
한결식품 가정용 보리차 160g,커피/차
 미소원 실속 식혜 ,음료
오늘의밥상 리뉴얼 곡물음료 3박스,시리얼/영양바
델리코_실속 주스 1L 2+1,음료
 온담 프리미엄 웨하스 ,과자/스낵
 미소원_실속 치즈스틱 16개입 ,냉동식품
미소원  인기  치즈스틱  13개입,과자/스낵
청우가 프리미엄 식혜 19페트,음료
 온담 달콤한 크래커 8개입 (소포장) ,과자/스낵
 오늘의밥상 가정용 카페라떼 450ml ,커피/차
델리코 선물용 쌀국수,라면류
그린테이블 수제 2L,음료
온담 해물 비빔면 X3,라면류
달래마을 프리미엄 아메리카노 280ml 증량,커피/차
 [행사] 예담원 실속 쌀국수 ,라면류
산들바람  우유  시리얼  380g  증량,시리얼/영양바
하루담은 짜장 칼국수 5개입 X3,라면류
예담원  바삭  22개입,과자/스낵
미소원  가정용  아메리카노,커피/차
온담 국내산 꽁치통조림 x2,통조림
오늘의밥상 리뉴얼 식초 540ml 기획,라면류
청우가_리뉴얼 치즈스틱 8봉 실온보관,과자/스낵
온담 프리미엄 탄산음료 1L,음료
오늘의밥상 신상품 파이 75g x2,과자/스낵
온담 가정용 죽 270g (수입산),즉석밥/간편식
포미 인기 골뱅이 5캔,통조림
미소원 디카페인 카페라떼,커피/차
델리코 가공 생크림,유제품
포미 오리지널 곡물음료 X3,음료
본가정성  국내산  우유  4개입,유제품
 [행사] 한결식품 실속 우유 4개입 ,유제품
 마루한  햇반  짜장밥  290g  2+1 ,즉석밥/간편식
[무료배송] 예담원 오렌지 이온음료 540ml,음료
하루담은 프리미엄 레토르트 340g,즉석밥/간편식
델리코 인기 4개입 2+1,라면류
한결식품 프리미엄 치킨너겟 12개입,냉동식품
 하루담은_블랙 카페라떼 340g ,커피/차
온담 인기 곡물음료 2L,음료
달래마을_리뉴얼 생수 1090ml x2,음료
[무료배송] 델리코 수제 피자 2봉,냉동식품
오늘의밥상 저지방 라떼 210ml,유제품
[행사] 하루담은 해물 칼국수 1컵,라면류
[오늘출발] 마루한 프리미엄 카레 720g 증량,소스/조미료
오늘의밥상  가정용  우유,유제품
마루한 인기 비빔면 99g,라면류
본가정성 가정용 참치캔 기획,통조림
오늘의밥상 리뉴얼 짜장면 (대용량),라면류
하루담은 정통 생수 (국내산),음료
델리코 볶은 원두 79입,커피/차
그린테이블 대용량 짜장밥 4인분,즉석밥/간편식
델리코 정통 옥수수캔 390g,통조림
청우가 프리미엄 복숭아통조림 180g,통조림
그린테이블 선물용 4개입,라면류
오늘의밥상 프리미엄 라면 (수입산),라면류
청우가 신상품 탄산수 23페트,음료
 산들바람 가공 우유 420ml ,유제품
[오늘출발] 온담 왕 핫도그,냉동식품
산들바람  대용량  고추장  1300g,소스/조미료
본가정성 가정용 탄산음료 4페트,음료
산들바람 달콤한 치즈스틱 증량,과자/스낵
달래마을 리뉴얼 라면 4개입,라면류
본가정성_인기 파이 100g,과자/스낵
[1+1] 마루한 정통 1L,음료
한결식품 불고기 카레분말 기획 (수입산),소스/조미료
한결식품  해물  라면  99g,라면류
산들바람  복숭아  이온음료  1L,음료
[무료배송] 포미 선물용 꽁치통조림 6개입,통조림
델리코 프리미엄 이온음료 19페트,즉석밥/간편식
본가정성 리뉴얼 옥수수캔,통조림
 청우가_짜장 컵라면 4개입 ,라면류
마루한 가정용 칼국수 4개입 NEW,라면류
[무료배송] 예담원 딸기 요구르트 7개입,유제품
포미 허니버터 웨하스 270g (소포장),과자/스낵
산들바람 그릭 우유,유제품
달래마을  치즈  우동  4개입  2+1,라면류
 델리코 김치 볶음밥 ,냉동식품
마루한  정통  요구르트,유제품
 예담원 야채 번데기 (대용량) ,통조림
델리코 얼큰 쌀국수 6컵,라면류
본가정성_김치 칼국수 2+1,라면류
한결식품 블랙 홍차 370g (소포장),커피/차
산들바람 살코기 복숭아통조림 2+1 (대용량),통조림
마루한 고기 18개입,냉동식품
포미  가정용  골뱅이  190g  실온보관,통조림
마루한  가정용  참기름  8포,소스/조미료
 포미 오리지널 젤리 (국내산) ,과자/스낵
온담  무가당  탄산음료,음료
미소원  가정용  라볶이  110g  2+1,라면류
본가정성 정통 300g,과자/스낵
하루담은  치즈  누룽지  3봉  실온보관,과자/스낵
온담 정통 볶음밥 1봉,냉동식품
예담원  리뉴얼  아메리카노  NEW,커피/차
델리코  신상품  곡물음료  11페트,음료
 델리코 야채 스팸 (국내산) ,통조림
달래마을 수제 에이드 1L,음료
달래마을_딸기 웨하스 12봉,과자/스낵
예담원  왕  돈까스  710g,냉동식품
미소원 신상품 팝콘 6봉 x2,과자/스낵
하루담은  국내산  이온음료  1910ml  증량,음료
그린테이블 레몬 이온음료 910ml,음료
[오늘출발] 포미 해물 라볶이 100g,라면류
달래마을_수제 간장 3포,소스/조미료
달래마을  초코  스낵  62g,과자/스낵
 마루한_달콤한 스낵 x2 ,과자/스낵
[오늘출발] 그린테이블 국내산 치즈스틱,과자/스낵
마루한 정통 우동 4개입,라면류
예담원 국내산 1610ml,음료
포미 인기 치킨너겟,냉동식품
온담 프리미엄 오트밀 840g,시리얼/영양바
달래마을 김치 x2,라면류
[1+1] 예담원 바삭 치즈스틱 350g 기획,과자/스낵
예담원 국내산 아메리카노 400ml,커피/차
그린테이블_달콤한 젤리 4봉,과자/스낵
 [행사] 마루한 선물용 탄산수 23페트 ,음료
하루담은  실속  라떼  410g  NEW,커피/차
예담원 대용량 쿠키 7개입 증량,과자/스낵
청우가 야채 옥수수캔 330g,통조림
미소원 수제 치즈 8개입 (수입산),유제품
[1+1] 마루한 인기 돈까스 19개입,냉동식품
